thisN,thisTrialN,thisRepN,resp.keys,resp.rt,resp.duration,key_resp.keys,key_resp.rt,key_resp.duration,trials.thisRepN,trials.thisTrialN,trials.thisN,trials.thisIndex,trials_3.thisRepN,trials_3.thisTrialN,trials_3.thisN,trials_3.thisIndex,trials_2.thisRepN,trials_2.thisTrialN,trials_2.thisN,trials_2.thisIndex,trials_4.thisRepN,trials_4.thisTrialN,trials_4.thisN,trials_4.thisIndex,thisRow.t,notes,Instruction.started,instruction.started,instr_resp.started,Instruction.stopped,instr_resp.keys,instr_resp.rt,instr_resp.duration,visual_2.started,Fixation_1.started,polygon_2.started,resp.started,Fixation_1.stopped,visual_2.stopped,trials.resp.keys,trials.resp.rt,trials.resp.duration,Audio.started,Fixation_2.started,sound_1.started,key_resp.started,Fixation_2.stopped,sound_1.stopped,Audio.stopped,trials_3.key_resp.keys,trials_3.key_resp.rt,trials_3.key_resp.duration,trials_2.resp.keys,trials_2.resp.rt,trials_2.resp.duration,trials_4.key_resp.keys,trials_4.key_resp.rt,trials_4.key_resp.duration,Thank_you.started,text.started,text.stopped,Thank_you.stopped,participant,session,date,expName,expVersion,psychopyVersion,frameRate,expStart,
,,,,,,,,,,,,,,,,,,,,,,,,,,,0.01387530006468296,0.03131120000034571,0.03131120000034571,4.394641400082037,space,4.274872099980712,None,,,,,,,,,,,,,,,,,,,,,,,,,,,,,,001,001,2025-11-08_17h43.04.804,Cross-Modal Reaction Time Task,,2025.1.1,60.08138626403041,2025-11-08 17h43.54.650683 +0530,
0,0,0,space,0.2624144998844713,None,,,,0,0,0,0,,,,,,,,,,,,,4.413747800048441,,,,,,,,,4.394976899959147,4.413747800048441,5.398410000139847,5.398410000139847,5.41486439993605,5.666175100021064,space,0.2624144998844713,None,,,,,,,,,,,,,,,,,,,,,001,001,2025-11-08_17h43.04.804,Cross-Modal Reaction Time Task,,2025.1.1,60.08138626403041,2025-11-08 17h43.54.650683 +0530,
1,0,1,space,0.22985380003228784,None,,,,1,0,1,0,,,,,,,,,,,,,5.682208900107071,,,,,,,,,5.666403300128877,5.682208900107071,6.665447799954563,6.665447799954563,6.682192400097847,6.902016600128263,space,0.22985380003228784,None,,,,,,,,,,,,,,,,,,,,,001,001,2025-11-08_17h43.04.804,Cross-Modal Reaction Time Task,,2025.1.1,60.08138626403041,2025-11-08 17h43.54.650683 +0530,
2,0,2,space,0.16033029998652637,None,,,,2,0,2,0,,,,,,,,,,,,,6.915242500137538,,,,,,,,,6.902364100096747,6.915242500137538,7.915646600071341,7.915646600071341,7.915646600071341,8.082833300111815,space,0.16033029998652637,None,,,,,,,,,,,,,,,,,,,,,001,001,2025-11-08_17h43.04.804,Cross-Modal Reaction Time Task,,2025.1.1,60.08138626403041,2025-11-08 17h43.54.650683 +0530,
3,0,3,space,0.12187770009040833,None,,,,3,0,3,0,,,,,,,,,,,,,8.098787700058892,,,,,,,,,8.083094900008291,8.098787700058892,9.083662500139326,9.083662500139326,9.100274899974465,9.215755400015041,space,0.12187770009040833,None,,,,,,,,,,,,,,,,,,,,,001,001,2025-11-08_17h43.04.804,Cross-Modal Reaction Time Task,,2025.1.1,60.08138626403041,2025-11-08 17h43.54.650683 +0530,
4,0,4,space,0.1210916000418365,None,,,,4,0,4,0,,,,,,,,,,,,,9.231777400011197,,,,,,,,,9.21595330000855,9.231777400011197,10.216162200085819,10.216162200085819,10.23204190004617,10.349915800150484,space,0.1210916000418365,None,,,,,,,,,,,,,,,,,,,,,001,001,2025-11-08_17h43.04.804,Cross-Modal Reaction Time Task,,2025.1.1,60.08138626403041,2025-11-08 17h43.54.650683 +0530,
5,0,5,space,0.09077530005015433,None,,,,5,0,5,0,,,,,,,,,,,,,10.364681400125846,,,,,,,,,10.350125500001013,10.364681400125846,11.36525829997845,11.36525829997845,11.36525829997845,11.467278799973428,space,0.09077530005015433,None,,,,,,,,,,,,,,,,,,,,,001,001,2025-11-08_17h43.04.804,Cross-Modal Reaction Time Task,,2025.1.1,60.08138626403041,2025-11-08 17h43.54.650683 +0530,
6,0,6,space,0.17748229997232556,None,,,,6,0,6,0,,,,,,,,,,,,,11.481797400163487,,,,,,,,,11.467649800004438,11.481797400163487,12.465926800156012,12.465926800156012,12.482065400108695,12.649427500087768,space,0.17748229997232556,None,,,,,,,,,,,,,,,,,,,,,001,001,2025-11-08_17h43.04.804,Cross-Modal Reaction Time Task,,2025.1.1,60.08138626403041,2025-11-08 17h43.54.650683 +0530,
7,0,7,space,0.16930149984546006,None,,,,7,0,7,0,,,,,,,,,,,,,12.665125200059265,,,,,,,,,12.649623099947348,12.665125200059265,13.664263000013307,13.664263000013307,13.664263000013307,13.849605800118297,space,0.16930149984546006,None,,,,,,,,,,,,,,,,,,,,,001,001,2025-11-08_17h43.04.804,Cross-Modal Reaction Time Task,,2025.1.1,60.08138626403041,2025-11-08 17h43.54.650683 +0530,
8,0,8,space,0.20666630007326603,None,,,,8,0,8,0,,,,,,,,,,,,,13.86456899996847,,,,,,,,,13.849916900042444,13.86456899996847,14.84961080015637,14.84961080015637,14.865397199988365,15.066179499961436,space,0.20666630007326603,None,,,,,,,,,,,,,,,,,,,,,001,001,2025-11-08_17h43.04.804,Cross-Modal Reaction Time Task,,2025.1.1,60.08138626403041,2025-11-08 17h43.54.650683 +0530,
9,0,9,space,0.0580313999671489,None,,,,9,0,9,0,,,,,,,,,,,,,15.081236399943009,,,,,,,,,15.066498900065199,15.081236399943009,16.06552550010383,16.06552550010383,16.081646300153807,16.13279760000296,space,0.0580313999671489,None,,,,,,,,,,,,,,,,,,,,,001,001,2025-11-08_17h43.04.804,Cross-Modal Reaction Time Task,,2025.1.1,60.08138626403041,2025-11-08 17h43.54.650683 +0530,
10,0,10,space,0.1526395999826491,None,,,,10,0,10,0,,,,,,,,,,,,,16.148608300136402,,,,,,,,,16.13315050001256,16.148608300136402,17.131688100052997,17.131688100052997,17.14898520009592,17.29948789998889,space,0.1526395999826491,None,,,,,,,,,,,,,,,,,,,,,001,001,2025-11-08_17h43.04.804,Cross-Modal Reaction Time Task,,2025.1.1,60.08138626403041,2025-11-08 17h43.54.650683 +0530,
11,0,11,space,0.17167939990758896,None,,,,11,0,11,0,,,,,,,,,,,,,17.314737600041553,,,,,,,,,17.299786699935794,17.314737600041553,18.299531900091097,18.299531900091097,18.316475300118327,18.4825977999717,space,0.17167939990758896,None,,,,,,,,,,,,,,,,,,,,,001,001,2025-11-08_17h43.04.804,Cross-Modal Reaction Time Task,,2025.1.1,60.08138626403041,2025-11-08 17h43.54.650683 +0530,
12,0,12,space,0.14700830006040633,None,,,,12,0,12,0,,,,,,,,,,,,,18.4978420000989,,,,,,,,,18.482888499973342,18.4978420000989,19.481868900125846,19.481868900125846,19.498770999955013,19.632906100014225,space,0.14700830006040633,None,,,,,,,,,,,,,,,,,,,,,001,001,2025-11-08_17h43.04.804,Cross-Modal Reaction Time Task,,2025.1.1,60.08138626403041,2025-11-08 17h43.54.650683 +0530,
13,0,13,space,0.17417289991863072,None,,,,13,0,13,0,,,,,,,,,,,,,19.648474500048906,,,,,,,,,19.633151000132784,19.648474500048906,20.649661700008437,20.649661700008437,20.649661700008437,20.83293840009719,space,0.17417289991863072,None,,,,,,,,,,,,,,,,,,,,,001,001,2025-11-08_17h43.04.804,Cross-Modal Reaction Time Task,,2025.1.1,60.08138626403041,2025-11-08 17h43.54.650683 +0530,
14,0,14,space,0.009182699955999851,None,,,,14,0,14,0,,,,,,,,,,,,,20.84776240005158,,,,,,,,,20.833213000092655,20.84776240005158,21.84904140001163,21.84904140001163,21.84904140001163,21.865921900141984,space,0.009182699955999851,None,,,,,,,,,,,,,,,,,,,,,001,001,2025-11-08_17h43.04.804,Cross-Modal Reaction Time Task,,2025.1.1,60.08138626403041,2025-11-08 17h43.54.650683 +0530,
15,0,15,space,0.09722939995117486,None,,,,15,0,15,0,,,,,,,,,,,,,21.88115549995564,,,,,,,,,21.866192999994382,21.88115549995564,22.865586700150743,22.865586700150743,22.881847999989986,22.966043000109494,space,0.09722939995117486,None,,,,,,,,,,,,,,,,,,,,,001,001,2025-11-08_17h43.04.804,Cross-Modal Reaction Time Task,,2025.1.1,60.08138626403041,2025-11-08 17h43.54.650683 +0530,
16,0,16,space,0.05196089996024966,None,,,,16,0,16,0,,,,,,,,,,,,,22.98134530009702,,,,,,,,,22.966317699989304,22.98134530009702,23.967278599971905,23.967278599971905,23.98292400012724,24.03302239999175,space,0.05196089996024966,None,,,,,,,,,,,,,,,,,,,,,001,001,2025-11-08_17h43.04.804,Cross-Modal Reaction Time Task,,2025.1.1,60.08138626403041,2025-11-08 17h43.54.650683 +0530,
17,0,17,space,0.07832259987480938,None,,,,17,0,17,0,,,,,,,,,,,,,24.048119000159204,,,,,,,,,24.03316680015996,24.048119000159204,25.03264780016616,25.03264780016616,25.049708700040355,25.115994499996305,space,0.07832259987480938,None,,,,,,,,,,,,,,,,,,,,,001,001,2025-11-08_17h43.04.804,Cross-Modal Reaction Time Task,,2025.1.1,60.08138626403041,2025-11-08 17h43.54.650683 +0530,
18,0,18,space,0.10436600004322827,None,,,,18,0,18,0,,,,,,,,,,,,,25.131825200049207,,,,,,,,,25.116321000037715,25.131825200049207,26.114918899955228,26.114918899955228,26.130949800135568,26.232308499980718,space,0.10436600004322827,None,,,,,,,,,,,,,,,,,,,,,001,001,2025-11-08_17h43.04.804,Cross-Modal Reaction Time Task,,2025.1.1,60.08138626403041,2025-11-08 17h43.54.650683 +0530,
19,0,19,space,0.3533809999935329,None,,,,19,0,19,0,,,,,,,,,,,,,26.248228000011295,,,,,,,,,26.232532399939373,26.248228000011295,27.232706000097096,27.232706000097096,27.24810960004106,27.599393300013617,space,0.3533809999935329,None,,,,,,,,,,,,,,,,,,,,,001,001,2025-11-08_17h43.04.804,Cross-Modal Reaction Time Task,,2025.1.1,60.08138626403041,2025-11-08 17h43.54.650683 +0530,
20,0,20,space,0.052022800082340837,None,,,,20,0,20,0,,,,,,,,,,,,,27.614395800046623,,,,,,,,,27.599624800030142,27.614395800046623,28.61555410013534,28.61555410013534,28.61555410013534,28.68253320013173,space,0.052022800082340837,None,,,,,,,,,,,,,,,,,,,,,001,001,2025-11-08_17h43.04.804,Cross-Modal Reaction Time Task,,2025.1.1,60.08138626403041,2025-11-08 17h43.54.650683 +0530,
21,0,21,space,0.2181999001186341,None,,,,21,0,21,0,,,,,,,,,,,,,28.698477700119838,,,,,,,,,28.682760399999097,28.698477700119838,29.681846800027415,29.681846800027415,29.6991520000156,29.91524330014363,space,0.2181999001186341,None,,,,,,,,,,,,,,,,,,,,,001,001,2025-11-08_17h43.04.804,Cross-Modal Reaction Time Task,,2025.1.1,60.08138626403041,2025-11-08 17h43.54.650683 +0530,
22,0,22,space,0.20514789992012084,None,,,,22,0,22,0,,,,,,,,,,,,,29.93192240013741,,,,,,,,,29.91555090015754,29.93192240013741,30.915068000089377,30.915068000089377,30.931650000158697,31.13247020007111,space,0.20514789992012084,None,,,,,,,,,,,,,,,,,,,,,001,001,2025-11-08_17h43.04.804,Cross-Modal Reaction Time Task,,2025.1.1,60.08138626403041,2025-11-08 17h43.54.650683 +0530,
23,0,23,space,0.07203359995037317,None,,,,23,0,23,0,,,,,,,,,,,,,31.14847130002454,,,,,,,,,31.132790599949658,31.14847130002454,32.1326441001147,32.1326441001147,32.14976950013079,32.21666339994408,space,0.07203359995037317,None,,,,,,,,,,,,,,,,,,,,,001,001,2025-11-08_17h43.04.804,Cross-Modal Reaction Time Task,,2025.1.1,60.08138626403041,2025-11-08 17h43.54.650683 +0530,
24,0,24,space,0.18905869987793267,None,,,,24,0,24,0,,,,,,,,,,,,,32.231922399951145,,,,,,,,,32.21693810005672,32.231922399951145,33.21550970012322,33.21550970012322,33.23150460002944,33.41668729996309,space,0.18905869987793267,None,,,,,,,,,,,,,,,,,,,,,001,001,2025-11-08_17h43.04.804,Cross-Modal Reaction Time Task,,2025.1.1,60.08138626403041,2025-11-08 17h43.54.650683 +0530,
0,0,0,,,,space,0.7325165001675487,None,,,,,0,0,0,0,,,,,,,,,33.43142560007982,,,,,,,,,,,,,,,,,,33.42104670009576,33.43142560007982,34.91627206682848,34.91550450003706,34.93154020002112,35.449989000102505,35.649201000109315,space,0.7325165001675487,None,,,,,,,,,,,001,001,2025-11-08_17h43.04.804,Cross-Modal Reaction Time Task,,2025.1.1,60.08138626403041,2025-11-08 17h43.54.650683 +0530,
1,0,1,,,,space,1.1726462000515312,None,,,,,1,0,1,0,,,,,,,,,35.664449400035664,,,,,,,,,,,,,,,,,,35.65091269998811,35.664449400035664,37.14836836682322,37.14916909998283,37.16458690003492,37.681579400086775,38.33206779998727,space,1.1726462000515312,None,,,,,,,,,,,001,001,2025-11-08_17h43.04.804,Cross-Modal Reaction Time Task,,2025.1.1,60.08138626403041,2025-11-08 17h43.54.650683 +0530,
2,0,2,,,,space,0.22483750013634562,None,,,,,2,0,2,0,,,,,,,,,38.34746260009706,,,,,,,,,,,,,,,,,,38.33353290008381,38.34746260009706,39.831983066691706,39.83133950014599,39.848585500149056,,40.06508960016072,space,0.22483750013634562,None,,,,,,,,,,,001,001,2025-11-08_17h43.04.804,Cross-Modal Reaction Time Task,,2025.1.1,60.08138626403041,2025-11-08 17h43.54.650683 +0530,
3,0,3,,,,space,0.22002080013044178,None,,,,,3,0,3,0,,,,,,,,,40.0972532001324,,,,,,,,,,,,,,,,,,40.08050290006213,40.0972532001324,41.58125226671497,41.58078270009719,41.597247099969536,,41.81550560006872,space,0.22002080013044178,None,,,,,,,,,,,001,001,2025-11-08_17h43.04.804,Cross-Modal Reaction Time Task,,2025.1.1,60.08138626403041,2025-11-08 17h43.54.650683 +0530,
4,0,4,,,,space,0.18368359981104732,None,,,,,4,0,4,0,,,,,,,,,41.846596100134775,,,,,,,,,,,,,,,,,,41.830257799942046,41.846596100134775,43.330699866699675,43.33043850003742,43.34732499998063,,43.53072950011119,space,0.18368359981104732,None,,,,,,,,,,,001,001,2025-11-08_17h43.04.804,Cross-Modal Reaction Time Task,,2025.1.1,60.08138626403041,2025-11-08 17h43.54.650683 +0530,
5,0,5,,,,space,0.20175900007598102,None,,,,,5,0,5,0,,,,,,,,,43.56279930006713,,,,,,,,,,,,,,,,,,43.54901299998164,43.56279930006713,45.04825906671273,45.04875580011867,45.06509659998119,,45.264133100165054,space,0.20175900007598102,None,,,,,,,,,,,001,001,2025-11-08_17h43.04.804,Cross-Modal Reaction Time Task,,2025.1.1,60.08138626403041,2025-11-08 17h43.54.650683 +0530,
6,0,6,,,,space,0.555628800066188,None,,,,,6,0,6,0,,,,,,,,,45.296610000077635,,,,,,,,,,,,,,,,,,45.27578980010003,45.296610000077635,46.78145296668323,46.78133510006592,46.79790540016256,47.313968300120905,47.347656100057065,space,0.555628800066188,None,,,,,,,,,,,001,001,2025-11-08_17h43.04.804,Cross-Modal Reaction Time Task,,2025.1.1,60.08138626403041,2025-11-08 17h43.54.650683 +0530,
7,0,7,,,,space,0.29937359993346035,None,,,,,7,0,7,0,,,,,,,,,47.36441519996151,,,,,,,,,,,,,,,,,,47.34847060008906,47.36441519996151,48.84905896668012,48.84884120011702,48.86532140010968,,49.14919860009104,space,0.29937359993346035,None,,,,,,,,,,,001,001,2025-11-08_17h43.04.804,Cross-Modal Reaction Time Task,,2025.1.1,60.08138626403041,2025-11-08 17h43.54.650683 +0530,
8,0,8,,,,space,0.21768129989504814,None,,,,,8,0,8,0,,,,,,,,,49.17984450003132,,,,,,,,,,,,,,,,,,49.166609100066125,49.17984450003132,50.66520906665052,50.66484420001507,50.6813809000887,,50.8987325001508,space,0.21768129989504814,None,,,,,,,,,,,001,001,2025-11-08_17h43.04.804,Cross-Modal Reaction Time Task,,2025.1.1,60.08138626403041,2025-11-08 17h43.54.650683 +0530,
9,0,9,,,,space,0.20957480021752417,None,,,,,9,0,9,0,,,,,,,,,50.92969110002741,,,,,,,,,,,,,,,,,,50.90958170010708,50.92969110002741,52.414923466804126,52.41472260002047,52.431317100068554,,52.630913600092754,space,0.20957480021752417,None,,,,,,,,,,,001,001,2025-11-08_17h43.04.804,Cross-Modal Reaction Time Task,,2025.1.1,60.08138626403041,2025-11-08 17h43.54.650683 +0530,
10,0,10,,,,space,0.20286670001223683,None,,,,,10,0,10,0,,,,,,,,,52.66328810015693,,,,,,,,,,,,,,,,,,52.646502800052986,52.66328810015693,54.14753276674698,54.14778900006786,54.16457760008052,,54.36551270005293,space,0.20286670001223683,None,,,,,,,,,,,001,001,2025-11-08_17h43.04.804,Cross-Modal Reaction Time Task,,2025.1.1,60.08138626403041,2025-11-08 17h43.54.650683 +0530,
11,0,11,,,,space,0.14682569983415306,None,,,,,11,0,11,0,,,,,,,,,54.396299600135535,,,,,,,,,,,,,,,,,,54.376951900077984,54.396299600135535,55.880226066630954,55.88027420011349,55.89703290001489,,56.030615699943155,space,0.14682569983415306,None,,,,,,,,,,,001,001,2025-11-08_17h43.04.804,Cross-Modal Reaction Time Task,,2025.1.1,60.08138626403041,2025-11-08 17h43.54.650683 +0530,
12,0,12,,,,space,0.06930099986493587,None,,,,,12,0,12,0,,,,,,,,,56.06263600010425,,,,,,,,,,,,,,,,,,56.04636580008082,56.06263600010425,57.54755286669048,57.5492130999919,57.56602989998646,,57.63186200009659,space,0.06930099986493587,None,,,,,,,,,,,001,001,2025-11-08_17h43.04.804,Cross-Modal Reaction Time Task,,2025.1.1,60.08138626403041,2025-11-08 17h43.54.650683 +0530,
13,0,13,,,,space,0.40612269984558225,None,,,,,13,0,13,0,,,,,,,,,57.662800000049174,,,,,,,,,,,,,,,,,,57.64777970011346,57.662800000049174,59.14871226676429,59.14865850005299,59.16477999999188,,59.564029700122774,space,0.40612269984558225,None,,,,,,,,,,,001,001,2025-11-08_17h43.04.804,Cross-Modal Reaction Time Task,,2025.1.1,60.08138626403041,2025-11-08 17h43.54.650683 +0530,
14,0,14,,,,space,0.21763260010629892,None,,,,,14,0,14,0,,,,,,,,,59.5963950001169,,,,,,,,,,,,,,,,,,59.578034200007096,59.5963950001169,61.080354766749466,61.08030840009451,61.09819360007532,,61.29879779997282,space,0.21763260010629892,None,,,,,,,,,,,001,001,2025-11-08_17h43.04.804,Cross-Modal Reaction Time Task,,2025.1.1,60.08138626403041,2025-11-08 17h43.54.650683 +0530,
15,0,15,,,,space,0.22258440009318292,None,,,,,15,0,15,0,,,,,,,,,61.329987100092694,,,,,,,,,,,,,,,,,,61.316844900138676,61.329987100092694,62.814851966748634,62.81476039998233,62.83114950009622,,63.049438199959695,space,0.22258440009318292,None,,,,,,,,,,,001,001,2025-11-08_17h43.04.804,Cross-Modal Reaction Time Task,,2025.1.1,60.08138626403041,2025-11-08 17h43.54.650683 +0530,
16,0,16,,,,space,0.11292059998959303,None,,,,,16,0,16,0,,,,,,,,,63.079412600025535,,,,,,,,,,,,,,,,,,63.07048650016077,63.079412600025535,64.58115396678137,64.58205570001155,64.58205570001155,,64.70002610003576,space,0.11292059998959303,None,,,,,,,,,,,001,001,2025-11-08_17h43.04.804,Cross-Modal Reaction Time Task,,2025.1.1,60.08138626403041,2025-11-08 17h43.54.650683 +0530,
17,0,17,,,,space,0.10038519999943674,None,,,,,17,0,17,0,,,,,,,,,64.7293084000703,,,,,,,,,,,,,,,,,,64.7203081001062,64.7293084000703,66.2312839667468,66.23126420006156,66.23126420006156,,66.34805630007759,space,0.10038519999943674,None,,,,,,,,,,,001,001,2025-11-08_17h43.04.804,Cross-Modal Reaction Time Task,,2025.1.1,60.08138626403041,2025-11-08 17h43.54.650683 +0530,
18,0,18,,,,space,0.1993040000088513,None,,,,,18,0,18,0,,,,,,,,,66.37919290014543,,,,,,,,,,,,,,,,,,66.36882310011424,66.37919290014543,67.88145026663939,67.88105170009658,67.88105170009658,,68.08279599994421,space,0.1993040000088513,None,,,,,,,,,,,001,001,2025-11-08_17h43.04.804,Cross-Modal Reaction Time Task,,2025.1.1,60.08138626403041,2025-11-08 17h43.54.650683 +0530,
19,0,19,,,,space,0.22842749999836087,None,,,,,19,0,19,0,,,,,,,,,68.11285950010642,,,,,,,,,,,,,,,,,,68.09813309996389,68.11285950010642,69.59787496674495,69.59690070012584,69.61448520002887,,69.83162209996954,space,0.22842749999836087,None,,,,,,,,,,,001,001,2025-11-08_17h43.04.804,Cross-Modal Reaction Time Task,,2025.1.1,60.08138626403041,2025-11-08 17h43.54.650683 +0530,
20,0,20,,,,space,0.11690709996037185,None,,,,,20,0,20,0,,,,,,,,,69.86271720007062,,,,,,,,,,,,,,,,,,69.85082820011303,69.86271720007062,71.36385506677131,71.3640404001344,71.3640404001344,,71.48321700002998,space,0.11690709996037185,None,,,,,,,,,,,001,001,2025-11-08_17h43.04.804,Cross-Modal Reaction Time Task,,2025.1.1,60.08138626403041,2025-11-08 17h43.54.650683 +0530,
21,0,21,,,,space,0.2004126999527216,None,,,,,21,0,21,0,,,,,,,,,71.51240500016138,,,,,,,,,,,,,,,,,,71.49921549996361,71.51240500016138,72.99819006660643,72.99924649996683,73.01546919997782,,73.21472100005485,space,0.2004126999527216,None,,,,,,,,,,,001,001,2025-11-08_17h43.04.804,Cross-Modal Reaction Time Task,,2025.1.1,60.08138626403041,2025-11-08 17h43.54.650683 +0530,
22,0,22,,,,space,0.2421641000546515,None,,,,,22,0,22,0,,,,,,,,,73.24650330003351,,,,,,,,,,,,,,,,,,73.22641630005091,73.24650330003351,74.73182796669813,74.73120829998516,74.74757410003804,,74.98227249993943,space,0.2421641000546515,None,,,,,,,,,,,001,001,2025-11-08_17h43.04.804,Cross-Modal Reaction Time Task,,2025.1.1,60.08138626403041,2025-11-08 17h43.54.650683 +0530,
23,0,23,,,,space,0.1884684998076409,None,,,,,23,0,23,0,,,,,,,,,75.01289930008352,,,,,,,,,,,,,,,,,,75.00078970007598,75.01289930008352,76.51449186663764,76.51485219993629,76.51485219993629,,76.71536989999004,space,0.1884684998076409,None,,,,,,,,,,,001,001,2025-11-08_17h43.04.804,Cross-Modal Reaction Time Task,,2025.1.1,60.08138626403041,2025-11-08 17h43.54.650683 +0530,
24,0,24,,,,space,0.33702730014920235,None,,,,,24,0,24,0,,,,,,,,,76.7459295000881,,,,,,,,,,,,,,,,,,76.72782450006343,76.7459295000881,78.23064976680713,78.23082570009865,78.2478364999406,,78.58050170005299,space,0.33702730014920235,None,,,,,,,,,,,001,001,2025-11-08_17h43.04.804,Cross-Modal Reaction Time Task,,2025.1.1,60.08138626403041,2025-11-08 17h43.54.650683 +0530,
0,0,0,space,0.26333130011335015,None,,,,,,,,,,,,0,0,0,0,,,,,78.61250460008159,,,,,,,,,78.59856600011699,78.61250460008159,79.59776940010488,79.59776940010488,79.61603140016086,79.86509370012209,,,,,,,,,,,,,,space,0.26333130011335015,None,,,,,,,,001,001,2025-11-08_17h43.04.804,Cross-Modal Reaction Time Task,,2025.1.1,60.08138626403041,2025-11-08 17h43.54.650683 +0530,
1,0,1,space,0.21798869990743697,None,,,,,,,,,,,,1,0,1,0,,,,,79.88058779994026,,,,,,,,,79.86549860006198,79.88058779994026,80.86491040000692,80.86491040000692,80.88083000015467,81.0974690001458,,,,,,,,,,,,,,space,0.21798869990743697,None,,,,,,,,001,001,2025-11-08_17h43.04.804,Cross-Modal Reaction Time Task,,2025.1.1,60.08138626403041,2025-11-08 17h43.54.650683 +0530,
2,0,2,space,0.22111689997836947,None,,,,,,,,,,,,2,0,2,0,,,,,81.11330289999023,,,,,,,,,81.0977158001624,81.11330289999023,82.09946590010077,82.09946590010077,82.11480830004439,82.33190870005637,,,,,,,,,,,,,,space,0.22111689997836947,None,,,,,,,,001,001,2025-11-08_17h43.04.804,Cross-Modal Reaction Time Task,,2025.1.1,60.08138626403041,2025-11-08 17h43.54.650683 +0530,
3,0,3,space,0.22542269993573427,None,,,,,,,,,,,,3,0,3,0,,,,,82.3471339000389,,,,,,,,,82.3321521000471,82.3471339000389,83.33126870007254,83.33126870007254,83.34678889997303,83.5654063001275,,,,,,,,,,,,,,space,0.22542269993573427,None,,,,,,,,001,001,2025-11-08_17h43.04.804,Cross-Modal Reaction Time Task,,2025.1.1,60.08138626403041,2025-11-08 17h43.54.650683 +0530,
4,0,4,space,0.19642440020106733,None,,,,,,,,,,,,4,0,4,0,,,,,83.58085469994694,,,,,,,,,83.5656684001442,83.58085469994694,84.56395320012234,84.56395320012234,84.58089890005067,84.76619220012799,,,,,,,,,,,,,,space,0.19642440020106733,None,,,,,,,,001,001,2025-11-08_17h43.04.804,Cross-Modal Reaction Time Task,,2025.1.1,60.08138626403041,2025-11-08 17h43.54.650683 +0530,
5,0,5,space,0.21223650011233985,None,,,,,,,,,,,,5,0,5,0,,,,,84.78057179995812,,,,,,,,,84.7665132000111,84.78057179995812,85.78059140010737,85.78059140010737,85.78059140010737,85.9982487000525,,,,,,,,,,,,,,space,0.21223650011233985,None,,,,,,,,001,001,2025-11-08_17h43.04.804,Cross-Modal Reaction Time Task,,2025.1.1,60.08138626403041,2025-11-08 17h43.54.650683 +0530,
6,0,6,space,0.182722199941054,None,,,,,,,,,,,,6,0,6,0,,,,,86.01384570007212,,,,,,,,,85.99854950001463,86.01384570007212,86.998136700131,86.998136700131,87.014839499956,87.18191780010238,,,,,,,,,,,,,,space,0.182722199941054,None,,,,,,,,001,001,2025-11-08_17h43.04.804,Cross-Modal Reaction Time Task,,2025.1.1,60.08138626403041,2025-11-08 17h43.54.650683 +0530,
7,0,7,space,0.07592850015498698,None,,,,,,,,,,,,7,0,7,0,,,,,87.19672280014493,,,,,,,,,87.18218150013126,87.19672280014493,88.18089800002053,88.18089800002053,88.19765800004825,88.2652253000997,,,,,,,,,,,,,,space,0.07592850015498698,None,,,,,,,,001,001,2025-11-08_17h43.04.804,Cross-Modal Reaction Time Task,,2025.1.1,60.08138626403041,2025-11-08 17h43.54.650683 +0530,
8,0,8,space,0.2097708999644965,None,,,,,,,,,,,,8,0,8,0,,,,,88.2801859001629,,,,,,,,,88.26548400009051,88.2801859001629,89.26403450011276,89.26403450011276,89.28106570011005,89.48186390008777,,,,,,,,,,,,,,space,0.2097708999644965,None,,,,,,,,001,001,2025-11-08_17h43.04.804,Cross-Modal Reaction Time Task,,2025.1.1,60.08138626403041,2025-11-08 17h43.54.650683 +0530,
9,0,9,space,0.16999319987371564,None,,,,,,,,,,,,9,0,9,0,,,,,89.4967313001398,,,,,,,,,89.48226730013266,89.4967313001398,90.48096529999748,90.48096529999748,90.49761050008237,90.66513510001823,,,,,,,,,,,,,,space,0.16999319987371564,None,,,,,,,,001,001,2025-11-08_17h43.04.804,Cross-Modal Reaction Time Task,,2025.1.1,60.08138626403041,2025-11-08 17h43.54.650683 +0530,
10,0,10,space,0.2045192001387477,None,,,,,,,,,,,,10,0,10,0,,,,,90.68016420002095,,,,,,,,,90.66541070002131,90.68016420002095,91.66470550000668,91.66470550000668,91.68097460013814,91.88266110001132,,,,,,,,,,,,,,space,0.2045192001387477,None,,,,,,,,001,001,2025-11-08_17h43.04.804,Cross-Modal Reaction Time Task,,2025.1.1,60.08138626403041,2025-11-08 17h43.54.650683 +0530,
11,0,11,space,0.12060710019432008,None,,,,,,,,,,,,11,0,11,0,,,,,91.8967703001108,,,,,,,,,91.88290080009028,91.8967703001108,92.89767950004898,92.89767950004898,92.89767950004898,93.03111000009812,,,,,,,,,,,,,,space,0.12060710019432008,None,,,,,,,,001,001,2025-11-08_17h43.04.804,Cross-Modal Reaction Time Task,,2025.1.1,60.08138626403041,2025-11-08 17h43.54.650683 +0530,
12,0,12,space,0.18752190005034208,None,,,,,,,,,,,,12,0,12,0,,,,,93.04741100012325,,,,,,,,,93.0314019001089,93.04741100012325,94.0322408999782,94.0322408999782,94.04867759998888,94.23128099995665,,,,,,,,,,,,,,space,0.18752190005034208,None,,,,,,,,001,001,2025-11-08_17h43.04.804,Cross-Modal Reaction Time Task,,2025.1.1,60.08138626403041,2025-11-08 17h43.54.650683 +0530,
13,0,13,space,0.13790319999679923,None,,,,,,,,,,,,13,0,13,0,,,,,94.24672619998455,,,,,,,,,94.2315337001346,94.24672619998455,95.23045679996721,95.23045679996721,95.24763620016165,95.38194630015641,,,,,,,,,,,,,,space,0.13790319999679923,None,,,,,,,,001,001,2025-11-08_17h43.04.804,Cross-Modal Reaction Time Task,,2025.1.1,60.08138626403041,2025-11-08 17h43.54.650683 +0530,
14,0,14,space,0.061859000008553267,None,,,,,,,,,,,,14,0,14,0,,,,,95.39667890011333,,,,,,,,,95.38225589995272,95.39667890011333,96.39829819998704,96.39829819998704,96.39829819998704,96.46541219996288,,,,,,,,,,,,,,space,0.061859000008553267,None,,,,,,,,001,001,2025-11-08_17h43.04.804,Cross-Modal Reaction Time Task,,2025.1.1,60.08138626403041,2025-11-08 17h43.54.650683 +0530,
15,0,15,space,0.14337479998357594,None,,,,,,,,,,,,15,0,15,0,,,,,96.48018159996718,,,,,,,,,96.46574679994956,96.48018159996718,97.46493460005149,97.46493460005149,97.48140779999085,97.61491840006784,,,,,,,,,,,,,,space,0.14337479998357594,None,,,,,,,,001,001,2025-11-08_17h43.04.804,Cross-Modal Reaction Time Task,,2025.1.1,60.08138626403041,2025-11-08 17h43.54.650683 +0530,
16,0,16,space,0.10705120000056922,None,,,,,,,,,,,,16,0,16,0,,,,,97.62984109995887,,,,,,,,,97.6152000001166,97.62984109995887,98.61404650006443,98.61404650006443,98.63044560002163,98.73164430004545,,,,,,,,,,,,,,space,0.10705120000056922,None,,,,,,,,001,001,2025-11-08_17h43.04.804,Cross-Modal Reaction Time Task,,2025.1.1,60.08138626403041,2025-11-08 17h43.54.650683 +0530,
17,0,17,space,0.10344950016587973,None,,,,,,,,,,,,17,0,17,0,,,,,98.74663559999317,,,,,,,,,98.73195690009743,98.74663559999317,99.73153849993832,99.73153849993832,99.74828370008618,99.84981030016206,,,,,,,,,,,,,,space,0.10344950016587973,None,,,,,,,,001,001,2025-11-08_17h43.04.804,Cross-Modal Reaction Time Task,,2025.1.1,60.08138626403041,2025-11-08 17h43.54.650683 +0530,
18,0,18,space,0.08604860003106296,None,,,,,,,,,,,,18,0,18,0,,,,,99.86394060007297,,,,,,,,,99.85021710000001,99.86394060007297,100.86442250013351,100.86442250013351,100.86442250013351,100.96521509997547,,,,,,,,,,,,,,space,0.08604860003106296,None,,,,,,,,001,001,2025-11-08_17h43.04.804,Cross-Modal Reaction Time Task,,2025.1.1,60.08138626403041,2025-11-08 17h43.54.650683 +0530,
19,0,19,space,0.11745030013844371,None,,,,,,,,,,,,19,0,19,0,,,,,100.98012510011904,,,,,,,,,100.96557510015555,100.98012510011904,101.96389270015061,101.96389270015061,101.98031920008361,102.09757110010833,,,,,,,,,,,,,,space,0.11745030013844371,None,,,,,,,,001,001,2025-11-08_17h43.04.804,Cross-Modal Reaction Time Task,,2025.1.1,60.08138626403041,2025-11-08 17h43.54.650683 +0530,
20,0,20,space,0.05551610002294183,None,,,,,,,,,,,,20,0,20,0,,,,,102.11350290011615,,,,,,,,,102.09774340013973,102.11350290011615,103.09856460010633,103.09856460010633,103.11458560009487,103.16524140001275,,,,,,,,,,,,,,space,0.05551610002294183,None,,,,,,,,001,001,2025-11-08_17h43.04.804,Cross-Modal Reaction Time Task,,2025.1.1,60.08138626403041,2025-11-08 17h43.54.650683 +0530,
21,0,21,space,0.0912623000331223,None,,,,,,,,,,,,21,0,21,0,,,,,103.18078529997729,,,,,,,,,103.16553070000373,103.18078529997729,104.1648194999434,104.1648194999434,104.18102240003645,104.26497060013935,,,,,,,,,,,,,,space,0.0912623000331223,None,,,,,,,,001,001,2025-11-08_17h43.04.804,Cross-Modal Reaction Time Task,,2025.1.1,60.08138626403041,2025-11-08 17h43.54.650683 +0530,
22,0,22,space,0.08546509989537299,None,,,,,,,,,,,,22,0,22,0,,,,,104.27982880012132,,,,,,,,,104.26526480005123,104.27982880012132,105.28053760016337,105.28053760016337,105.28053760016337,105.38123099994846,,,,,,,,,,,,,,space,0.08546509989537299,None,,,,,,,,001,001,2025-11-08_17h43.04.804,Cross-Modal Reaction Time Task,,2025.1.1,60.08138626403041,2025-11-08 17h43.54.650683 +0530,
23,0,23,space,0.0381587001029402,None,,,,,,,,,,,,23,0,23,0,,,,,105.39667290006764,,,,,,,,,105.38143189996481,105.39667290006764,106.38126090005971,106.38126090005971,106.39729660004377,106.43133389996365,,,,,,,,,,,,,,space,0.0381587001029402,None,,,,,,,,001,001,2025-11-08_17h43.04.804,Cross-Modal Reaction Time Task,,2025.1.1,60.08138626403041,2025-11-08 17h43.54.650683 +0530,
24,0,24,space,0.07360269990749657,None,,,,,,,,,,,,24,0,24,0,,,,,106.44662620010786,,,,,,,,,106.43157370015979,106.44662620010786,107.43075689999387,107.43075689999387,107.44711569999345,107.5146633000113,,,,,,,,,,,,,,space,0.07360269990749657,None,,,,,,,,001,001,2025-11-08_17h43.04.804,Cross-Modal Reaction Time Task,,2025.1.1,60.08138626403041,2025-11-08 17h43.54.650683 +0530,
0,0,0,,,,space,0.22035419987514615,None,,,,,,,,,,,,,0,0,0,0,107.5296903999988,,,,,,,,,,,,,,,,,,107.5171034000814,107.5296903999988,109.03039346664833,109.03112079994753,109.03112079994753,,109.2651007999666,,,,,,,space,0.22035419987514615,None,,,,,001,001,2025-11-08_17h43.04.804,Cross-Modal Reaction Time Task,,2025.1.1,60.08138626403041,2025-11-08 17h43.54.650683 +0530,
1,0,1,,,,space,0.2235330999828875,None,,,,,,,,,,,,,1,0,1,0,109.29560630000196,,,,,,,,,,,,,,,,,,109.28595359995961,109.29560630000196,110.79619536671477,110.79610619996674,110.79610619996674,,111.02977470005862,,,,,,,space,0.2235330999828875,None,,,,,001,001,2025-11-08_17h43.04.804,Cross-Modal Reaction Time Task,,2025.1.1,60.08138626403041,2025-11-08 17h43.54.650683 +0530,
2,0,2,,,,space,0.22264649998396635,None,,,,,,,,,,,,,2,0,2,0,111.06190089997835,,,,,,,,,,,,,,,,,,111.04898760002106,111.06190089997835,112.56376006669986,112.5638917000033,112.5638917000033,,112.79806139995344,,,,,,,space,0.22264649998396635,None,,,,,001,001,2025-11-08_17h43.04.804,Cross-Modal Reaction Time Task,,2025.1.1,60.08138626403041,2025-11-08 17h43.54.650683 +0530,
3,0,3,,,,space,0.19680159981362522,None,,,,,,,,,,,,,3,0,3,0,112.8287566001527,,,,,,,,,,,,,,,,,,112.81111160013825,112.8287566001527,114.31490706681895,114.31328080012463,114.3301172000356,,114.51558020012453,,,,,,,space,0.19680159981362522,None,,,,,001,001,2025-11-08_17h43.04.804,Cross-Modal Reaction Time Task,,2025.1.1,60.08138626403041,2025-11-08 17h43.54.650683 +0530,
4,0,4,,,,space,0.12280560005456209,None,,,,,,,,,,,,,4,0,4,0,114.5458978000097,,,,,,,,,,,,,,,,,,114.52829240006395,114.5458978000097,116.03059086675445,116.02983330003917,116.04696850012988,,116.16473910002969,,,,,,,space,0.12280560005456209,None,,,,,001,001,2025-11-08_17h43.04.804,Cross-Modal Reaction Time Task,,2025.1.1,60.08138626403041,2025-11-08 17h43.54.650683 +0530,
5,0,5,,,,space,0.26191859995014966,None,,,,,,,,,,,,,5,0,5,0,116.19568330002949,,,,,,,,,,,,,,,,,,116.17803109996021,116.19568330002949,117.68062296678933,117.67954810010269,117.69649820006453,,117.94695170014165,,,,,,,space,0.26191859995014966,None,,,,,001,001,2025-11-08_17h43.04.804,Cross-Modal Reaction Time Task,,2025.1.1,60.08138626403041,2025-11-08 17h43.54.650683 +0530,
6,0,6,,,,space,0.20542599982582033,None,,,,,,,,,,,,,6,0,6,0,117.97873570001684,,,,,,,,,,,,,,,,,,117.95854030014016,117.97873570001684,119.46230986674006,119.46238990011625,119.47920219996013,,119.68128320015967,,,,,,,space,0.20542599982582033,None,,,,,001,001,2025-11-08_17h43.04.804,Cross-Modal Reaction Time Task,,2025.1.1,60.08138626403041,2025-11-08 17h43.54.650683 +0530,
7,0,7,,,,space,0.18997729988768697,None,,,,,,,,,,,,,7,0,7,0,119.71240870002657,,,,,,,,,,,,,,,,,,119.7009640999604,119.71240870002657,121.21345776674958,121.21375000011176,121.21375000011176,,121.41291059996001,,,,,,,space,0.18997729988768697,None,,,,,001,001,2025-11-08_17h43.04.804,Cross-Modal Reaction Time Task,,2025.1.1,60.08138626403041,2025-11-08 17h43.54.650683 +0530,
8,0,8,,,,space,0.07716639991849661,None,,,,,,,,,,,,,8,0,8,0,121.44537209998816,,,,,,,,,,,,,,,,,,121.42907200008631,121.44537209998816,122.9314936667836,122.92987520014867,122.94714890001342,,123.01485879998654,,,,,,,space,0.07716639991849661,None,,,,,001,001,2025-11-08_17h43.04.804,Cross-Modal Reaction Time Task,,2025.1.1,60.08138626403041,2025-11-08 17h43.54.650683 +0530,
9,0,9,,,,space,0.32132879993878305,None,,,,,,,,,,,,,9,0,9,0,123.04568520002067,,,,,,,,,,,,,,,,,,123.02691949997097,123.04568520002067,124.53138046671326,124.53086529998109,124.5476253000088,,124.8644872000441,,,,,,,space,0.32132879993878305,None,,,,,001,001,2025-11-08_17h43.04.804,Cross-Modal Reaction Time Task,,2025.1.1,60.08138626403041,2025-11-08 17h43.54.650683 +0530,
10,0,10,,,,space,0.03686839994043112,None,,,,,,,,,,,,,10,0,10,0,124.89603050006554,,,,,,,,,,,,,,,,,,124.87835859996267,124.89603050006554,126.38003146677899,126.38090710015967,126.39684169995598,,126.43092559999786,,,,,,,space,0.03686839994043112,None,,,,,001,001,2025-11-08_17h43.04.804,Cross-Modal Reaction Time Task,,2025.1.1,60.08138626403041,2025-11-08 17h43.54.650683 +0530,
11,0,11,,,,space,0.017771099926903844,None,,,,,,,,,,,,,11,0,11,0,126.46190370013937,,,,,,,,,,,,,,,,,,126.45079040015116,126.46190370013937,127.96437346662084,127.96348080015741,127.96348080015741,,127.98208900005557,,,,,,,space,0.017771099926903844,None,,,,,001,001,2025-11-08_17h43.04.804,Cross-Modal Reaction Time Task,,2025.1.1,60.08138626403041,2025-11-08 17h43.54.650683 +0530,
12,0,12,,,,space,0.24800530006177723,None,,,,,,,,,,,,,12,0,12,0,128.0124460000079,,,,,,,,,,,,,,,,,,127.99690890009515,128.0124460000079,129.49718576675903,129.49685330013745,129.5133042000234,,129.74810880003497,,,,,,,space,0.24800530006177723,None,,,,,001,001,2025-11-08_17h43.04.804,Cross-Modal Reaction Time Task,,2025.1.1,60.08138626403041,2025-11-08 17h43.54.650683 +0530,
13,0,13,,,,space,0.07630239985883236,None,,,,,,,,,,,,,13,0,13,0,129.77825210010633,,,,,,,,,,,,,,,,,,129.76748050004244,129.77825210010633,131.28029956674825,131.27956430008635,131.27956430008635,,131.36402600002475,,,,,,,space,0.07630239985883236,None,,,,,001,001,2025-11-08_17h43.04.804,Cross-Modal Reaction Time Task,,2025.1.1,60.08138626403041,2025-11-08 17h43.54.650683 +0530,
14,0,14,,,,space,0.008824200136587024,None,,,,,,,,,,,,,14,0,14,0,131.3951896999497,,,,,,,,,,,,,,,,,,131.38040270004421,131.3951896999497,132.87973346660536,132.87952330010012,132.89720010012388,,132.8977890999522,,,,,,,space,0.008824200136587024,None,,,,,001,001,2025-11-08_17h43.04.804,Cross-Modal Reaction Time Task,,2025.1.1,60.08138626403041,2025-11-08 17h43.54.650683 +0530,
15,0,15,,,,space,0.18823690013960004,None,,,,,,,,,,,,,15,0,15,0,132.92888920009136,,,,,,,,,,,,,,,,,,132.916270500049,132.92888920009136,134.4148091667487,134.4145080000162,134.43150310008787,,134.61500340001658,,,,,,,space,0.18823690013960004,None,,,,,001,001,2025-11-08_17h43.04.804,Cross-Modal Reaction Time Task,,2025.1.1,60.08138626403041,2025-11-08 17h43.54.650683 +0530,
16,0,16,,,,space,0.1148388001602143,None,,,,,,,,,,,,,16,0,16,0,134.6452508000657,,,,,,,,,,,,,,,,,,134.6306509000715,134.6452508000657,136.12987496663507,136.1297222999856,136.14640740002505,,136.24871580000035,,,,,,,space,0.1148388001602143,None,,,,,001,001,2025-11-08_17h43.04.804,Cross-Modal Reaction Time Task,,2025.1.1,60.08138626403041,2025-11-08 17h43.54.650683 +0530,
17,0,17,,,,space,0.13566719996742904,None,,,,,,,,,,,,,17,0,17,0,136.278419499984,,,,,,,,,,,,,,,,,,136.26669170008972,136.278419499984,137.78042116674285,137.7797956999857,137.7797956999857,,137.93088220013306,,,,,,,space,0.13566719996742904,None,,,,,001,001,2025-11-08_17h43.04.804,Cross-Modal Reaction Time Task,,2025.1.1,60.08138626403041,2025-11-08 17h43.54.650683 +0530,
18,0,18,,,,space,0.02647360018454492,None,,,,,,,,,,,,,18,0,18,0,137.96167430002242,,,,,,,,,,,,,,,,,,137.94780650013126,137.96167430002242,139.44618506665964,139.446641900111,139.46383789996617,,139.48211640003137,,,,,,,space,0.02647360018454492,None,,,,,001,001,2025-11-08_17h43.04.804,Cross-Modal Reaction Time Task,,2025.1.1,60.08138626403041,2025-11-08 17h43.54.650683 +0530,
19,0,19,,,,space,0.20581289986148477,None,,,,,,,,,,,,,19,0,19,0,139.51235150010325,,,,,,,,,,,,,,,,,,139.49699890008196,139.51235150010325,140.9965816666993,140.99672890012152,141.01321980007924,,141.21354630007409,,,,,,,space,0.20581289986148477,None,,,,,001,001,2025-11-08_17h43.04.804,Cross-Modal Reaction Time Task,,2025.1.1,60.08138626403041,2025-11-08 17h43.54.650683 +0530,
20,0,20,,,,space,0.16586259985342622,None,,,,,,,,,,,,,20,0,20,0,141.24559070006944,,,,,,,,,,,,,,,,,,141.22933520004153,141.24559070006944,142.72998966678668,142.73074050014839,142.7468433000613,,142.89815040002577,,,,,,,space,0.16586259985342622,None,,,,,001,001,2025-11-08_17h43.04.804,Cross-Modal Reaction Time Task,,2025.1.1,60.08138626403041,2025-11-08 17h43.54.650683 +0530,
21,0,21,,,,space,0.00451849983073771,None,,,,,,,,,,,,,21,0,21,0,142.92827729997225,,,,,,,,,,,,,,,,,,142.91121800011024,142.92827729997225,144.414629866664,144.41429940005764,144.43117580004036,,144.432060000021,,,,,,,space,0.00451849983073771,None,,,,,001,001,2025-11-08_17h43.04.804,Cross-Modal Reaction Time Task,,2025.1.1,60.08138626403041,2025-11-08 17h43.54.650683 +0530,
22,0,22,,,,space,0.005237800069153309,None,,,,,,,,,,,,,22,0,22,0,144.46237120009027,,,,,,,,,,,,,,,,,,144.44681530003436,144.46237120009027,145.9469745667341,145.9462745001074,145.96299710008316,,145.96366619993933,,,,,,,space,0.005237800069153309,None,,,,,001,001,2025-11-08_17h43.04.804,Cross-Modal Reaction Time Task,,2025.1.1,60.08138626403041,2025-11-08 17h43.54.650683 +0530,
23,0,23,,,,space,0.014440899947658181,None,,,,,,,,,,,,,23,0,23,0,145.9952996999491,,,,,,,,,,,,,,,,,,145.98033279995434,145.9952996999491,147.4792105667914,147.48021059995517,147.49656090000644,,147.49741660011932,,,,,,,space,0.014440899947658181,None,,,,,001,001,2025-11-08_17h43.04.804,Cross-Modal Reaction Time Task,,2025.1.1,60.08138626403041,2025-11-08 17h43.54.650683 +0530,
24,0,24,,,,space,0.04912300012074411,None,,,,,,,,,,,,,24,0,24,0,147.5282831999939,,,,,,,,,,,,,,,,,,147.517504400108,147.5282831999939,149.02872876666177,149.02893660007976,149.02893660007976,,149.08183840010315,,,,,,,space,0.04912300012074411,None,,,,,001,001,2025-11-08_17h43.04.804,Cross-Modal Reaction Time Task,,2025.1.1,60.08138626403041,2025-11-08 17h43.54.650683 +0530,
,,,,,,,,,,,,,,,,,,,,,,,,,,,,,,,,,,,,,,,,,,,,,,,,,,,,,,,,,,,149.09770460007712,149.1122417000588,152.11284440010786,152.09662730013952,001,001,2025-11-08_17h43.04.804,Cross-Modal Reaction Time Task,,2025.1.1,60.08138626403041,2025-11-08 17h43.54.650683 +0530,
