study_word,thisN,thisTrialN,thisRepN,slider.response,slider.rt,test_words,reference,old_new,textbox.text,mouse.x,mouse.y,mouse.leftButton,mouse.midButton,mouse.rightButton,mouse.time,mouse.clicked_name,trials.thisRepN,trials.thisTrialN,trials.thisN,trials.thisIndex,trials_2.thisRepN,trials_2.thisTrialN,trials_2.thisN,trials_2.thisIndex,thisRow.t,notes,trial.started,text.started,slider.started,trial.stopped,trials.slider.response,trials.slider.rt,test.started,text_2.started,textbox.started,text_3.started,mouse.started,test.stopped,trials_2.textbox.text,trials_2.mouse.x,trials_2.mouse.y,trials_2.mouse.leftButton,trials_2.mouse.midButton,trials_2.mouse.rightButton,trials_2.mouse.time,trials_2.mouse.clicked_name,text_2.stopped,textbox.stopped,text_3.stopped,mouse.stopped,participant,session,date,expName,expVersion,psychopyVersion,frameRate,expStart,
cushion,0,0,0,1,5.242419000016525,,,,,,,,,,,,0,0,0,1,,,,,0.04018420004285872,,0.018424500012770295,0.04018420004285872,0.04018420004285872,5.277227100217715,1,5.242419000016525,,,,,,,,,,,,,,,,,,,002,001,2025-10-09_12h43.18.112,Word Priming,,2025.1.1,60.04224573822837,2025-10-09 12h43.30.473148 +0530,
t-shirt,1,1,0,1,1.045361900003627,,,,,,,,,,,,0,1,1,7,,,,,5.308206700021401,,5.28356060013175,5.308206700021401,5.308206700021401,6.343672099988908,1,1.045361900003627,,,,,,,,,,,,,,,,,,,002,001,2025-10-09_12h43.18.112,Word Priming,,2025.1.1,60.04224573822837,2025-10-09 12h43.30.473148 +0530,
cruise,2,2,0,1,1.1789184000808746,,,,,,,,,,,,0,2,2,11,,,,,6.358249200042337,,6.34869180014357,6.358249200042337,6.358249200042337,7.543195100035518,1,1.1789184000808746,,,,,,,,,,,,,,,,,,,002,001,2025-10-09_12h43.18.112,Word Priming,,2025.1.1,60.04224573822837,2025-10-09 12h43.30.473148 +0530,
mouse ,3,3,0,1,0.9147942999843508,,,,,,,,,,,,0,3,3,8,,,,,7.5587912001647055,,7.5453749999869615,7.5587912001647055,7.5587912001647055,8.476507600164041,1,0.9147942999843508,,,,,,,,,,,,,,,,,,,002,001,2025-10-09_12h43.18.112,Word Priming,,2025.1.1,60.04224573822837,2025-10-09 12h43.30.473148 +0530,
pastry,4,4,0,1,0.8486331000458449,,,,,,,,,,,,0,4,4,9,,,,,8.491892100078985,,8.4808023001533,8.491892100078985,8.491892100078985,9.344205200206488,1,0.8486331000458449,,,,,,,,,,,,,,,,,,,002,001,2025-10-09_12h43.18.112,Word Priming,,2025.1.1,60.04224573822837,2025-10-09 12h43.30.473148 +0530,
book,5,5,0,1,0.8618115000426769,,,,,,,,,,,,0,5,5,0,,,,,9.358978100121021,,9.348172700032592,9.358978100121021,9.358978100121021,10.226499699987471,1,0.8618115000426769,,,,,,,,,,,,,,,,,,,002,001,2025-10-09_12h43.18.112,Word Priming,,2025.1.1,60.04224573822837,2025-10-09 12h43.30.473148 +0530,
marble,6,6,0,1,0.7482253999914974,,,,,,,,,,,,0,6,6,3,,,,,10.242006000131369,,10.228472999995574,10.242006000131369,10.242006000131369,10.995765600120649,1,0.7482253999914974,,,,,,,,,,,,,,,,,,,002,001,2025-10-09_12h43.18.112,Word Priming,,2025.1.1,60.04224573822837,2025-10-09 12h43.30.473148 +0530,
board,7,7,0,1,0.7782060001045465,,,,,,,,,,,,0,7,7,4,,,,,11.008348000003025,,10.998632100177929,11.008348000003025,11.008348000003025,11.793588100001216,1,0.7782060001045465,,,,,,,,,,,,,,,,,,,002,001,2025-10-09_12h43.18.112,Word Priming,,2025.1.1,60.04224573822837,2025-10-09 12h43.30.473148 +0530,
case,8,8,0,1,0.7308990999590605,,,,,,,,,,,,0,8,8,10,,,,,11.808668800164014,,11.796017399989069,11.808668800164014,11.808668800164014,12.542223300086334,1,0.7308990999590605,,,,,,,,,,,,,,,,,,,002,001,2025-10-09_12h43.18.112,Word Priming,,2025.1.1,60.04224573822837,2025-10-09 12h43.30.473148 +0530,
laptop,9,9,0,1,0.7503792000934482,,,,,,,,,,,,0,9,9,5,,,,,12.558495000004768,,12.543910700129345,12.558495000004768,12.558495000004768,13.309344500070438,1,0.7503792000934482,,,,,,,,,,,,,,,,,,,002,001,2025-10-09_12h43.18.112,Word Priming,,2025.1.1,60.04224573822837,2025-10-09 12h43.30.473148 +0530,
phone ,10,10,0,1,0.7816928999964148,,,,,,,,,,,,0,10,10,2,,,,,13.32449260004796,,13.312831800198182,13.32449260004796,13.32449260004796,14.109616100089625,1,0.7816928999964148,,,,,,,,,,,,,,,,,,,002,001,2025-10-09_12h43.18.112,Word Priming,,2025.1.1,60.04224573822837,2025-10-09 12h43.30.473148 +0530,
chart,11,11,0,1,0.7323113000020385,,,,,,,,,,,,0,11,11,6,,,,,14.125056000193581,,14.112077600089833,14.125056000193581,14.125056000193581,14.860149700194597,1,0.7323113000020385,,,,,,,,,,,,,,,,,,,002,001,2025-10-09_12h43.18.112,Word Priming,,2025.1.1,60.04224573822837,2025-10-09 12h43.30.473148 +0530,
keys,12,12,0,1,0.7301227001007646,,,,,,,,,,,,0,12,12,13,,,,,14.875729900086299,,14.863279400160536,14.875729900086299,14.875729900086299,15.60941160004586,1,0.7301227001007646,,,,,,,,,,,,,,,,,,,002,001,2025-10-09_12h43.18.112,Word Priming,,2025.1.1,60.04224573822837,2025-10-09 12h43.30.473148 +0530,
poster,13,13,0,1,0.7166779001709074,,,,,,,,,,,,0,13,13,14,,,,,15.62473260005936,,15.611712299985811,15.62473260005936,15.62473260005936,16.343300300184637,1,0.7166779001709074,,,,,,,,,,,,,,,,,,,002,001,2025-10-09_12h43.18.112,Word Priming,,2025.1.1,60.04224573822837,2025-10-09 12h43.30.473148 +0530,
police,14,14,0,1,0.6985687001142651,,,,,,,,,,,,0,14,14,12,,,,,16.358543900074437,,16.34553400008008,16.358543900074437,16.358543900074437,17.0620235002134,1,0.6985687001142651,,,,,,,,,,,,,,,,,,,002,001,2025-10-09_12h43.18.112,Word Priming,,2025.1.1,60.04224573822837,2025-10-09 12h43.30.473148 +0530,
,0,0,0,,,p_li_e,police,old,"police
",[np.float64(0.04888888888888889)],[np.float64(-0.2822222222222222)],[1],[0],[0],[4.388978800037876],['text_3'],,,,,0,0,0,7,17.093015300109982,,,,,,,,17.070091500179842,17.093015300109982,17.093015300109982,17.093015300109982,0.008048299932852387,21.459272100124508,"police
",[np.float64(0.04888888888888889)],[np.float64(-0.2822222222222222)],[1],[0],[0],[4.388978800037876],['text_3'],,,,,002,001,2025-10-09_12h43.18.112,Word Priming,,2025.1.1,60.04224573822837,2025-10-09 12h43.30.473148 +0530,
,1,1,0,,,p_nc_l,pencil,new,pencil,[np.float64(0.04888888888888889)],[np.float64(-0.2822222222222222)],[1],[0],[0],[5.398195199901238],['text_3'],,,,,0,1,1,16,21.47655890020542,,,,,,,,21.461574600078166,21.47655890020542,21.47655890020542,21.47655890020542,0.0022722999565303326,26.860112300142646,pencil,[np.float64(0.04888888888888889)],[np.float64(-0.2822222222222222)],[1],[0],[0],[5.398195199901238],['text_3'],,,,,002,001,2025-10-09_12h43.18.112,Word Priming,,2025.1.1,60.04224573822837,2025-10-09 12h43.30.473148 +0530,
,2,2,0,,,p_st_r,poster,old,poster,[np.float64(0.04888888888888889)],[np.float64(-0.2822222222222222)],[1],[0],[0],[3.796701200073585],['text_3'],,,,,0,2,2,9,26.8750963001512,,,,,,,,26.86282640020363,26.8750963001512,26.8750963001512,26.8750963001512,0.002589699812233448,30.65977040003054,poster,[np.float64(0.04888888888888889)],[np.float64(-0.2822222222222222)],[1],[0],[0],[3.796701200073585],['text_3'],,,,,002,001,2025-10-09_12h43.18.112,Word Priming,,2025.1.1,60.04224573822837,2025-10-09 12h43.30.473148 +0530,
,3,3,0,,,c_m_ra,camera,new,camera,[np.float64(0.04888888888888889)],[np.float64(-0.2822222222222222)],[1],[0],[0],[3.546716099837795],['text_3'],,,,,0,3,3,19,30.674944100202993,,,,,,,,30.662239800207317,30.674944100202993,30.674944100202993,30.674944100202993,0.0023699000012129545,34.20916040008888,camera,[np.float64(0.04888888888888889)],[np.float64(-0.2822222222222222)],[1],[0],[0],[3.546716099837795],['text_3'],,,,,002,001,2025-10-09_12h43.18.112,Word Priming,,2025.1.1,60.04224573822837,2025-10-09 12h43.30.473148 +0530,
,4,4,0,,,_o_rd,board,old,,[],[],[],[],[],[],[],,,,,0,4,4,10,34.22486050007865,,,,,,,,34.21129830018617,34.22486050007865,34.22486050007865,34.22486050007865,0.0020230000372976065,44.20868720021099,,[],[],[],[],[],[],[],44.22474990016781,44.22474990016781,44.22474990016781,9.999147099908441,002,001,2025-10-09_12h43.18.112,Word Priming,,2025.1.1,60.04224573822837,2025-10-09 12h43.30.473148 +0530,
,5,5,0,,,_ou_e,mouse,old,mouse,[np.float64(0.04888888888888889)],[np.float64(-0.2822222222222222)],[1],[0],[0],[2.715099399909377],['text_3'],,,,,0,5,5,3,44.22474990016781,,,,,,,,44.21063720015809,44.22474990016781,44.22474990016781,44.22474990016781,0.001367500051856041,46.92600090010092,mouse,[np.float64(0.04888888888888889)],[np.float64(-0.2822222222222222)],[1],[0],[0],[2.715099399909377],['text_3'],,,,,002,001,2025-10-09_12h43.18.112,Word Priming,,2025.1.1,60.04224573822837,2025-10-09 12h43.30.473148 +0530,
,6,6,0,,,c_s_,case,old,case,[np.float64(0.04888888888888889)],[np.float64(-0.2822222222222222)],[1],[0],[0],[2.166359700029716],['text_3'],,,,,0,6,6,5,46.94152280013077,,,,,,,,46.928401300217956,46.94152280013077,46.94152280013077,46.94152280013077,0.0022821000311523676,49.09506090008654,case,[np.float64(0.04888888888888889)],[np.float64(-0.2822222222222222)],[1],[0],[0],[2.166359700029716],['text_3'],,,,,002,001,2025-10-09_12h43.18.112,Word Priming,,2025.1.1,60.04224573822837,2025-10-09 12h43.30.473148 +0530,
,7,7,0,,,_ho_e,phone,old,chose,[np.float64(0.04888888888888889)],[np.float64(-0.2822222222222222)],[1],[0],[0],[4.2443238000851125],['text_3'],,,,,0,7,7,12,49.12391150020994,,,,,,,,49.09841700014658,49.12391150020994,49.12391150020994,49.12391150020994,0.003223199862986803,53.34308660007082,chose,[np.float64(0.04888888888888889)],[np.float64(-0.2822222222222222)],[1],[0],[0],[4.2443238000851125],['text_3'],,,,,002,001,2025-10-09_12h43.18.112,Word Priming,,2025.1.1,60.04224573822837,2025-10-09 12h43.30.473148 +0530,
,8,8,0,,,k_y_,keys,old,keys,[np.float64(0.04888888888888889)],[np.float64(-0.2822222222222222)],[1],[0],[0],[2.52946659992449],['text_3'],,,,,0,8,8,8,53.35776809998788,,,,,,,,53.34584329999052,53.35776809998788,53.35776809998788,53.35776809998788,0.002626399975270033,55.8755571001675,keys,[np.float64(0.04888888888888889)],[np.float64(-0.2822222222222222)],[1],[0],[0],[2.52946659992449],['text_3'],,,,,002,001,2025-10-09_12h43.18.112,Word Priming,,2025.1.1,60.04224573822837,2025-10-09 12h43.30.473148 +0530,
,9,9,0,,,_a_bl_,marble,old,marble,[np.float64(0.04888888888888889)],[np.float64(-0.2822222222222222)],[1],[0],[0],[3.6132406999822706],['text_3'],,,,,0,9,9,11,55.891546400031075,,,,,,,,55.87771560018882,55.891546400031075,55.891546400031075,55.891546400031075,0.0020641000010073185,59.49117160006426,marble,[np.float64(0.04888888888888889)],[np.float64(-0.2822222222222222)],[1],[0],[0],[3.6132406999822706],['text_3'],,,,,002,001,2025-10-09_12h43.18.112,Word Priming,,2025.1.1,60.04224573822837,2025-10-09 12h43.30.473148 +0530,
,10,10,0,,,_oo_,book,old,book,[np.float64(0.04888888888888889)],[np.float64(-0.2822222222222222)],[1],[0],[0],[2.482714100042358],['text_3'],,,,,0,10,10,13,59.507108400110155,,,,,,,,59.49325340008363,59.507108400110155,59.507108400110155,59.507108400110155,0.002004799898713827,61.97627930017188,book,[np.float64(0.04888888888888889)],[np.float64(-0.2822222222222222)],[1],[0],[0],[2.482714100042358],['text_3'],,,,,002,001,2025-10-09_12h43.18.112,Word Priming,,2025.1.1,60.04224573822837,2025-10-09 12h43.30.473148 +0530,
,11,11,0,,,_ha_t,chart,old,chart,[np.float64(0.04888888888888889)],[np.float64(-0.2822222222222222)],[1],[0],[0],[3.6968990999739617],['text_3'],,,,,0,11,11,1,61.99141620006412,,,,,,,,61.97977660014294,61.99141620006412,61.99141620006412,61.99141620006412,0.0033772001042962074,65.67709290003404,chart,[np.float64(0.04888888888888889)],[np.float64(-0.2822222222222222)],[1],[0],[0],[3.6968990999739617],['text_3'],,,,,002,001,2025-10-09_12h43.18.112,Word Priming,,2025.1.1,60.04224573822837,2025-10-09 12h43.30.473148 +0530,
,12,12,0,,,l_pt_p,laptop,old,laptop,[np.float64(0.04888888888888889)],[np.float64(-0.2822222222222222)],[1],[0],[0],[2.6952243000268936],['text_3'],,,,,0,12,12,0,65.70725800003856,,,,,,,,65.681403900031,65.70725800003856,65.70725800003856,65.70725800003856,0.00416909996420145,68.37698690011166,laptop,[np.float64(0.04888888888888889)],[np.float64(-0.2822222222222222)],[1],[0],[0],[2.6952243000268936],['text_3'],,,,,002,001,2025-10-09_12h43.18.112,Word Priming,,2025.1.1,60.04224573822837,2025-10-09 12h43.30.473148 +0530,
,13,13,0,,,v_s_,vase,new,vase,[np.float64(0.04888888888888889)],[np.float64(-0.2822222222222222)],[1],[0],[0],[2.527080100029707],['text_3'],,,,,0,13,13,17,68.40720530017279,,,,,,,,68.3817699002102,68.40720530017279,68.40720530017279,68.40720530017279,0.004606399917975068,70.90913840010762,vase,[np.float64(0.04888888888888889)],[np.float64(-0.2822222222222222)],[1],[0],[0],[2.527080100029707],['text_3'],,,,,002,001,2025-10-09_12h43.18.112,Word Priming,,2025.1.1,60.04224573822837,2025-10-09 12h43.30.473148 +0530,
,14,14,0,,,t_hi_t,tshirt,old,tshirt,[np.float64(0.04888888888888889)],[np.float64(-0.2822222222222222)],[1],[0],[0],[2.797942199977115],['text_3'],,,,,0,14,14,2,70.9241971001029,,,,,,,,70.91158760013059,70.9241971001029,70.9241971001029,70.9241971001029,0.0023334999568760395,73.70989880012348,tshirt,[np.float64(0.04888888888888889)],[np.float64(-0.2822222222222222)],[1],[0],[0],[2.797942199977115],['text_3'],,,,,002,001,2025-10-09_12h43.18.112,Word Priming,,2025.1.1,60.04224573822837,2025-10-09 12h43.30.473148 +0530,
,15,15,0,,,p_st_y,pastry,old,pastry,[np.float64(0.04888888888888889)],[np.float64(-0.2822222222222222)],[1],[0],[0],[3.2463908998761326],['text_3'],,,,,0,15,15,4,73.72505550016649,,,,,,,,73.71316150017083,73.72505550016649,73.72505550016649,73.72505550016649,0.003121900139376521,76.95985950017348,pastry,[np.float64(0.04888888888888889)],[np.float64(-0.2822222222222222)],[1],[0],[0],[3.2463908998761326],['text_3'],,,,,002,001,2025-10-09_12h43.18.112,Word Priming,,2025.1.1,60.04224573822837,2025-10-09 12h43.30.473148 +0530,
,16,16,0,,,c_s_io_,cushion,old,cushion ,[np.float64(0.04888888888888889)],[np.float64(-0.2822222222222222)],[1],[0],[0],[7.946620200062171],['text_3'],,,,,0,16,16,14,76.97443180019036,,,,,,,,76.9629468000494,76.97443180019036,76.97443180019036,76.97443180019036,0.002974000060930848,84.90993240009993,cushion ,[np.float64(0.04888888888888889)],[np.float64(-0.2822222222222222)],[1],[0],[0],[7.946620200062171],['text_3'],,,,,002,001,2025-10-09_12h43.18.112,Word Priming,,2025.1.1,60.04224573822837,2025-10-09 12h43.30.473148 +0530,
,17,17,0,,,ta_l_,table,new,table,[np.float64(0.04888888888888889)],[np.float64(-0.2822222222222222)],[1],[0],[0],[2.2298423999454826],['text_3'],,,,,0,17,17,15,84.92373160016723,,,,,,,,84.91309799998999,84.92373160016723,84.92373160016723,84.92373160016723,0.0030091998632997274,87.14349100016989,table,[np.float64(0.04888888888888889)],[np.float64(-0.2822222222222222)],[1],[0],[0],[2.2298423999454826],['text_3'],,,,,002,001,2025-10-09_12h43.18.112,Word Priming,,2025.1.1,60.04224573822837,2025-10-09 12h43.30.473148 +0530,
,18,18,0,,,_ru_s_,cruise,old,,[],[],[],[],[],[],[],,,,,0,18,18,6,87.15756540000439,,,,,,,,87.14655750012025,87.15756540000439,87.15756540000439,87.15756540000439,0.002946800086647272,97.14079780015163,,[],[],[],[],[],[],[],97.1569240000099,97.1569240000099,97.1569240000099,9.996829699957743,002,001,2025-10-09_12h43.18.112,Word Priming,,2025.1.1,60.04224573822837,2025-10-09 12h43.30.473148 +0530,
,19,19,0,,,bo_t_e,bottle,new,bottle,[np.float64(0.04888888888888889)],[np.float64(-0.2822222222222222)],[1],[0],[0],[2.7159667999949306],['text_3'],,,,,0,19,19,18,97.1569240000099,,,,,,,,97.14325980003923,97.1569240000099,97.1569240000099,97.1569240000099,-0.00036539998836815357,99.85961930011399,bottle,[np.float64(0.04888888888888889)],[np.float64(-0.2822222222222222)],[1],[0],[0],[2.7159667999949306],['text_3'],,,,,002,001,2025-10-09_12h43.18.112,Word Priming,,2025.1.1,60.04224573822837,2025-10-09 12h43.30.473148 +0530,
