thisN,thisTrialN,thisRepN,mouse.x,mouse.y,mouse.leftButton,mouse.midButton,mouse.rightButton,mouse.time,mouse.clicked_name,trials.thisRepN,trials.thisTrialN,trials.thisN,trials.thisIndex,thisRow.t,notes,num_distr,trial.started,Fixation.started,Target.started,mouse.started,trial.stopped,trials.mouse.x,trials.mouse.y,trials.mouse.leftButton,trials.mouse.midButton,trials.mouse.rightButton,trials.mouse.time,trials.mouse.clicked_name,participant,session,date,expName,expVersion,psychopyVersion,frameRate,expStart,
0,0,0,[np.float64(0.01)],[np.float64(0.011666666666666667)],[1],[0],[0],[3.1540668999950867],[None],0,0,0,0,0.04133410000940785,,5,0.02497850000509061,0.04133410000940785,0.04133410000940785,0.025054300000192598,3.17920640000375,[np.float64(0.01)],[np.float64(0.011666666666666667)],[1],[0],[0],[3.1540668999950867],[None],003,001,2025-09-18_11h04.08.054,Visual Search,,2025.1.1,59.89666626548843,2025-09-18 11h04.22.853110 +0530,
1,0,1,[np.float64(-0.3983333333333333)],[np.float64(0.25833333333333336)],[1],[0],[0],[2.1367426000069827],['Target'],1,0,1,0,3.208247400005348,,5,3.194829399988521,3.208247400005348,3.208247400005348,0.015349699999205768,5.331685299985111,[np.float64(-0.3983333333333333)],[np.float64(0.25833333333333336)],[1],[0],[0],[2.1367426000069827],['Target'],003,001,2025-09-18_11h04.08.054,Visual Search,,2025.1.1,59.89666626548843,2025-09-18 11h04.22.853110 +0530,
2,0,2,[np.float64(-0.08333333333333333)],[np.float64(0.445)],[1],[0],[0],[1.64712559999316],['Target'],2,0,2,0,5.35826849998557,,5,5.348464599985164,5.35826849998557,5.35826849998557,0.016583899996476248,6.995712900010403,[np.float64(-0.08333333333333333)],[np.float64(0.445)],[1],[0],[0],[1.64712559999316],['Target'],003,001,2025-09-18_11h04.08.054,Visual Search,,2025.1.1,59.89666626548843,2025-09-18 11h04.22.853110 +0530,
3,0,3,[np.float64(0.3283333333333333)],[np.float64(0.3016666666666667)],[1],[0],[0],[2.599727900000289],['Target'],3,0,3,0,7.025335399986943,,5,7.011843599990243,7.025335399986943,7.025335399986943,0.0159599999897182,9.611663599993335,[np.float64(0.3283333333333333)],[np.float64(0.3016666666666667)],[1],[0],[0],[2.599727900000289],['Target'],003,001,2025-09-18_11h04.08.054,Visual Search,,2025.1.1,59.89666626548843,2025-09-18 11h04.22.853110 +0530,
4,0,4,[np.float64(0.07666666666666666)],[np.float64(0.08333333333333333)],[1],[0],[0],[1.7431487999856472],['Target'],4,0,4,0,9.658247999992454,,10,9.634811399999307,9.658247999992454,9.658247999992454,0.022977500018896535,11.378065199998673,[np.float64(0.07666666666666666)],[np.float64(0.08333333333333333)],[1],[0],[0],[1.7431487999856472],['Target'],003,001,2025-09-18_11h04.08.054,Visual Search,,2025.1.1,59.89666626548843,2025-09-18 11h04.22.853110 +0530,
5,0,5,[np.float64(0.30333333333333334)],[np.float64(0.051666666666666666)],[1],[0],[0],[1.1532914999988861],[None],5,0,5,0,11.409030400012853,,5,11.392059500009054,11.409030400012853,11.409030400012853,0.013762799993855879,12.545466499985196,[np.float64(0.30333333333333334)],[np.float64(0.051666666666666666)],[1],[0],[0],[1.1532914999988861],[None],003,001,2025-09-18_11h04.08.054,Visual Search,,2025.1.1,59.89666626548843,2025-09-18 11h04.22.853110 +0530,
6,0,6,[np.float64(0.2683333333333333)],[np.float64(-0.28833333333333333)],[1],[0],[0],[1.6161407000035979],['Target'],6,0,6,0,12.575356199988164,,5,12.56184249999933,12.575356199988164,12.575356199988164,0.016199100005906075,14.178075500007253,[np.float64(0.2683333333333333)],[np.float64(-0.28833333333333333)],[1],[0],[0],[1.6161407000035979],['Target'],003,001,2025-09-18_11h04.08.054,Visual Search,,2025.1.1,59.89666626548843,2025-09-18 11h04.22.853110 +0530,
7,0,7,[np.float64(0.38166666666666665)],[np.float64(-0.42333333333333334)],[1],[0],[0],[1.2927099000080489],['Target'],7,0,7,0,14.207813799992437,,10,14.20023330001277,14.207813799992437,14.207813799992437,0.021999499993398786,15.492995700013125,[np.float64(0.38166666666666665)],[np.float64(-0.42333333333333334)],[1],[0],[0],[1.2927099000080489],['Target'],003,001,2025-09-18_11h04.08.054,Visual Search,,2025.1.1,59.89666626548843,2025-09-18 11h04.22.853110 +0530,
8,0,8,[np.float64(-0.45)],[np.float64(0.30833333333333335)],[1],[0],[0],[1.8828474000038113],['Target'],8,0,8,0,15.541391200007638,,10,15.515310499991756,15.541391200007638,15.541391200007638,0.02219309998326935,17.39826849999372,[np.float64(-0.45)],[np.float64(0.30833333333333335)],[1],[0],[0],[1.8828474000038113],['Target'],003,001,2025-09-18_11h04.08.054,Visual Search,,2025.1.1,59.89666626548843,2025-09-18 11h04.22.853110 +0530,
9,0,9,[np.float64(-0.49333333333333335)],[np.float64(-0.30666666666666664)],[1],[0],[0],[1.9980300000170246],['Target'],9,0,9,0,17.425163400010206,,5,17.412209000001894,17.425163400010206,17.425163400010206,0.013715600012801588,19.41033059998881,[np.float64(-0.49333333333333335)],[np.float64(-0.30666666666666664)],[1],[0],[0],[1.9980300000170246],['Target'],003,001,2025-09-18_11h04.08.054,Visual Search,,2025.1.1,59.89666626548843,2025-09-18 11h04.22.853110 +0530,
10,0,10,[np.float64(-0.30333333333333334)],[np.float64(-0.3416666666666667)],[1],[0],[0],[1.7551990999781992],[None],10,0,10,0,19.442133700009435,,5,19.42210610001348,19.442133700009435,19.442133700009435,0.011598900018725544,21.177403300011065,[np.float64(-0.30333333333333334)],[np.float64(-0.3416666666666667)],[1],[0],[0],[1.7551990999781992],[None],003,001,2025-09-18_11h04.08.054,Visual Search,,2025.1.1,59.89666626548843,2025-09-18 11h04.22.853110 +0530,
11,0,11,[np.float64(0.12666666666666668)],[np.float64(-0.3616666666666667)],[1],[0],[0],[2.978276400011964],[None],11,0,11,0,21.20784290001029,,10,21.19878529998823,21.20784290001029,21.20784290001029,0.021221799979684874,24.177159599988954,[np.float64(0.12666666666666668)],[np.float64(-0.3616666666666667)],[1],[0],[0],[2.978276400011964],[None],003,001,2025-09-18_11h04.08.054,Visual Search,,2025.1.1,59.89666626548843,2025-09-18 11h04.22.853110 +0530,
12,0,12,[np.float64(-0.26166666666666666)],[np.float64(0.44166666666666665)],[1],[0],[0],[1.7064687999954913],['Target'],12,0,12,0,24.208481500012567,,5,24.18839150000713,24.208481500012567,24.208481500012567,0.011012999981176108,25.89493670000229,[np.float64(-0.26166666666666666)],[np.float64(0.44166666666666665)],[1],[0],[0],[1.7064687999954913],['Target'],003,001,2025-09-18_11h04.08.054,Visual Search,,2025.1.1,59.89666626548843,2025-09-18 11h04.22.853110 +0530,
13,0,13,[np.float64(-0.3)],[np.float64(0.09)],[1],[0],[0],[1.5553359999903478],['Target'],13,0,13,0,25.92469029998756,,5,25.904932300007204,25.92469029998756,25.92469029998756,0.009853299998212606,27.460340999998152,[np.float64(-0.3)],[np.float64(0.09)],[1],[0],[0],[1.5553359999903478],['Target'],003,001,2025-09-18_11h04.08.054,Visual Search,,2025.1.1,59.89666626548843,2025-09-18 11h04.22.853110 +0530,
14,0,14,[np.float64(-0.085)],[np.float64(0.3616666666666667)],[1],[0],[0],[1.0501012000022456],['Target'],14,0,14,0,27.491115999990143,,10,27.478454500000225,27.491115999990143,27.491115999990143,0.01798659999622032,28.52866109999013,[np.float64(-0.085)],[np.float64(0.3616666666666667)],[1],[0],[0],[1.0501012000022456],['Target'],003,001,2025-09-18_11h04.08.054,Visual Search,,2025.1.1,59.89666626548843,2025-09-18 11h04.22.853110 +0530,
15,0,15,[np.float64(-0.4716666666666667)],[np.float64(0.19833333333333333)],[1],[0],[0],[1.9799470999860205],['Target'],15,0,15,0,28.557615800003987,,10,28.549931599991396,28.557615800003987,28.557615800003987,0.0209276000095997,30.52997529998538,[np.float64(-0.4716666666666667)],[np.float64(0.19833333333333333)],[1],[0],[0],[1.9799470999860205],['Target'],003,001,2025-09-18_11h04.08.054,Visual Search,,2025.1.1,59.89666626548843,2025-09-18 11h04.22.853110 +0530,
16,0,16,[np.float64(-0.3883333333333333)],[np.float64(0.39166666666666666)],[1],[0],[0],[1.1852647000050638],['Target'],16,0,16,0,30.5581622000027,,5,30.543260300008114,30.5581622000027,30.5581622000027,0.013059999997494742,31.72862440001336,[np.float64(-0.3883333333333333)],[np.float64(0.39166666666666666)],[1],[0],[0],[1.1852647000050638],['Target'],003,001,2025-09-18_11h04.08.054,Visual Search,,2025.1.1,59.89666626548843,2025-09-18 11h04.22.853110 +0530,
17,0,17,[np.float64(-0.07333333333333333)],[np.float64(0.09)],[1],[0],[0],[1.6204556000011507],['Target'],17,0,17,0,31.758194399997592,,5,31.740217599988682,31.758194399997592,31.758194399997592,0.011416800000006333,33.36076839998714,[np.float64(-0.07333333333333333)],[np.float64(0.09)],[1],[0],[0],[1.6204556000011507],['Target'],003,001,2025-09-18_11h04.08.054,Visual Search,,2025.1.1,59.89666626548843,2025-09-18 11h04.22.853110 +0530,
18,0,18,[np.float64(-0.325)],[np.float64(-0.10333333333333333)],[1],[0],[0],[1.1868617000000086],['Target'],18,0,18,0,33.391313300002366,,5,33.37590740001178,33.391313300002366,33.391313300002366,0.01500730001134798,34.562918200012064,[np.float64(-0.325)],[np.float64(-0.10333333333333333)],[1],[0],[0],[1.1868617000000086],['Target'],003,001,2025-09-18_11h04.08.054,Visual Search,,2025.1.1,59.89666626548843,2025-09-18 11h04.22.853110 +0530,
19,0,19,[np.float64(-0.15666666666666668)],[np.float64(-0.315)],[1],[0],[0],[1.7016918000008445],['Target'],19,0,19,0,34.59225819999119,,5,34.57687300001271,34.59225819999119,34.59225819999119,0.013679399999091402,36.27864689999842,[np.float64(-0.15666666666666668)],[np.float64(-0.315)],[1],[0],[0],[1.7016918000008445],['Target'],003,001,2025-09-18_11h04.08.054,Visual Search,,2025.1.1,59.89666626548843,2025-09-18 11h04.22.853110 +0530,
20,0,20,[np.float64(-0.21)],[np.float64(0.035)],[1],[0],[0],[1.1478630999918096],['Target'],20,0,20,0,36.30758580000838,,10,36.296893199993065,36.30758580000838,36.30758580000838,0.018113600002834573,37.444852599990554,[np.float64(-0.21)],[np.float64(0.035)],[1],[0],[0],[1.1478630999918096],['Target'],003,001,2025-09-18_11h04.08.054,Visual Search,,2025.1.1,59.89666626548843,2025-09-18 11h04.22.853110 +0530,
21,0,21,[np.float64(-0.31)],[np.float64(-0.15333333333333332)],[1],[0],[0],[1.1041750000149477],['Target'],21,0,21,0,37.47443599998951,,5,37.456265899993014,37.47443599998951,37.47443599998951,0.01122309998027049,38.56053950000205,[np.float64(-0.31)],[np.float64(-0.15333333333333332)],[1],[0],[0],[1.1041750000149477],['Target'],003,001,2025-09-18_11h04.08.054,Visual Search,,2025.1.1,59.89666626548843,2025-09-18 11h04.22.853110 +0530,
22,0,22,[np.float64(0.28)],[np.float64(0.19666666666666666)],[1],[0],[0],[1.337958299991442],['Target'],22,0,22,0,38.59176599999773,,5,38.5733307999908,38.59176599999773,38.59176599999773,0.012614999985089526,39.911381299985806,[np.float64(0.28)],[np.float64(0.19666666666666666)],[1],[0],[0],[1.337958299991442],['Target'],003,001,2025-09-18_11h04.08.054,Visual Search,,2025.1.1,59.89666626548843,2025-09-18 11h04.22.853110 +0530,
23,0,23,[np.float64(0.21)],[np.float64(0.435)],[1],[0],[0],[1.2199481999850832],['Target'],23,0,23,0,39.941604599996936,,5,39.92369749999489,39.941604599996936,39.941604599996936,0.012159300007624552,41.14376420000917,[np.float64(0.21)],[np.float64(0.435)],[1],[0],[0],[1.2199481999850832],['Target'],003,001,2025-09-18_11h04.08.054,Visual Search,,2025.1.1,59.89666626548843,2025-09-18 11h04.22.853110 +0530,
24,0,24,[np.float64(-0.17666666666666667)],[np.float64(-0.05)],[1],[0],[0],[1.3342760999803431],['Target'],24,0,24,0,41.17466570000397,,5,41.1599472000089,41.17466570000397,41.17466570000397,0.016027299978304654,42.4943312999967,[np.float64(-0.17666666666666667)],[np.float64(-0.05)],[1],[0],[0],[1.3342760999803431],['Target'],003,001,2025-09-18_11h04.08.054,Visual Search,,2025.1.1,59.89666626548843,2025-09-18 11h04.22.853110 +0530,
25,0,25,[np.float64(0.25833333333333336)],[np.float64(-0.4116666666666667)],[1],[0],[0],[1.503888500010362],['Target'],25,0,25,0,42.524417000007816,,5,42.50780759999179,42.524417000007816,42.524417000007816,0.01324549998389557,44.01180460001342,[np.float64(0.25833333333333336)],[np.float64(-0.4116666666666667)],[1],[0],[0],[1.503888500010362],['Target'],003,001,2025-09-18_11h04.08.054,Visual Search,,2025.1.1,59.89666626548843,2025-09-18 11h04.22.853110 +0530,
26,0,26,[np.float64(-0.005)],[np.float64(0.11666666666666667)],[1],[0],[0],[1.1453298999986146],['Target'],26,0,26,0,44.04056620001211,,10,44.03160509999725,44.04056620001211,44.04056620001211,0.01960899998084642,45.17703419999452,[np.float64(-0.005)],[np.float64(0.11666666666666667)],[1],[0],[0],[1.1453298999986146],['Target'],003,001,2025-09-18_11h04.08.054,Visual Search,,2025.1.1,59.89666626548843,2025-09-18 11h04.22.853110 +0530,
27,0,27,[np.float64(0.39)],[np.float64(-0.305)],[1],[0],[0],[1.788281500019366],['Target'],27,0,27,0,45.20792710001115,,5,45.188693600008264,45.20792710001115,45.20792710001115,0.01145439999527298,46.97707610001089,[np.float64(0.39)],[np.float64(-0.305)],[1],[0],[0],[1.788281500019366],['Target'],003,001,2025-09-18_11h04.08.054,Visual Search,,2025.1.1,59.89666626548843,2025-09-18 11h04.22.853110 +0530,
28,0,28,[np.float64(0.37)],[np.float64(0.14333333333333334)],[1],[0],[0],[1.2875745999917854],['Target'],28,0,28,0,47.010466400010046,,5,46.99074350000592,47.010466400010046,47.010466400010046,0.013486300013028085,48.27842459999374,[np.float64(0.37)],[np.float64(0.14333333333333334)],[1],[0],[0],[1.2875745999917854],['Target'],003,001,2025-09-18_11h04.08.054,Visual Search,,2025.1.1,59.89666626548843,2025-09-18 11h04.22.853110 +0530,
29,0,29,[np.float64(0.24666666666666667)],[np.float64(-0.345)],[1],[0],[0],[2.061068500013789],['Target'],29,0,29,0,48.307664599997224,,10,48.2985636999947,48.307664599997224,48.307664599997224,0.019963399972766638,50.359697000007145,[np.float64(0.24666666666666667)],[np.float64(-0.345)],[1],[0],[0],[2.061068500013789],['Target'],003,001,2025-09-18_11h04.08.054,Visual Search,,2025.1.1,59.89666626548843,2025-09-18 11h04.22.853110 +0530,
30,0,30,[np.float64(-0.05)],[np.float64(-0.29333333333333333)],[1],[0],[0],[5.2259199999971315],['Target'],30,0,30,0,50.39175859998795,,5,50.36885430000257,50.39175859998795,50.39175859998795,0.009013399976538494,55.5948783000058,[np.float64(-0.05)],[np.float64(-0.29333333333333333)],[1],[0],[0],[5.2259199999971315],['Target'],003,001,2025-09-18_11h04.08.054,Visual Search,,2025.1.1,59.89666626548843,2025-09-18 11h04.22.853110 +0530,
31,0,31,[np.float64(-0.24833333333333332)],[np.float64(0.44666666666666666)],[1],[0],[0],[1.6668639999988955],['Target'],31,0,31,0,55.624519900011364,,5,55.61082760000136,55.624519900011364,55.624519900011364,0.01578499999595806,57.27783139998792,[np.float64(-0.24833333333333332)],[np.float64(0.44666666666666666)],[1],[0],[0],[1.6668639999988955],['Target'],003,001,2025-09-18_11h04.08.054,Visual Search,,2025.1.1,59.89666626548843,2025-09-18 11h04.22.853110 +0530,
32,0,32,[np.float64(0.35)],[np.float64(-0.12833333333333333)],[1],[0],[0],[1.9838842999888584],['Target'],32,0,32,0,57.30792089999886,,5,57.2930311000091,57.30792089999886,57.30792089999886,0.014935800019884482,59.27700770000229,[np.float64(0.35)],[np.float64(-0.12833333333333333)],[1],[0],[0],[1.9838842999888584],['Target'],003,001,2025-09-18_11h04.08.054,Visual Search,,2025.1.1,59.89666626548843,2025-09-18 11h04.22.853110 +0530,
33,0,33,[np.float64(0.04)],[np.float64(-0.31333333333333335)],[1],[0],[0],[1.2988076999899931],['Target'],33,0,33,0,59.307532600010745,,10,59.29509319999488,59.307532600010745,59.307532600010745,0.017905699991388246,60.59401880000951,[np.float64(0.04)],[np.float64(-0.31333333333333335)],[1],[0],[0],[1.2988076999899931],['Target'],003,001,2025-09-18_11h04.08.054,Visual Search,,2025.1.1,59.89666626548843,2025-09-18 11h04.22.853110 +0530,
34,0,34,[np.float64(-0.15833333333333333)],[np.float64(-0.38)],[1],[0],[0],[1.4152406000066549],['Target'],34,0,34,0,60.62437509998563,,10,60.61218880000524,60.62437509998563,60.62437509998563,0.017891399998916313,62.02756099999533,[np.float64(-0.15833333333333333)],[np.float64(-0.38)],[1],[0],[0],[1.4152406000066549],['Target'],003,001,2025-09-18_11h04.08.054,Visual Search,,2025.1.1,59.89666626548843,2025-09-18 11h04.22.853110 +0530,
35,0,35,[np.float64(0.06)],[np.float64(-0.015)],[1],[0],[0],[1.336943699978292],['Target'],35,0,35,0,62.05788239999674,,5,62.04091350000817,62.05788239999674,62.05788239999674,0.013059699995210394,63.37795610001194,[np.float64(0.06)],[np.float64(-0.015)],[1],[0],[0],[1.336943699978292],['Target'],003,001,2025-09-18_11h04.08.054,Visual Search,,2025.1.1,59.89666626548843,2025-09-18 11h04.22.853110 +0530,
36,0,36,[np.float64(-0.16666666666666666)],[np.float64(0.4483333333333333)],[1],[0],[0],[1.6290961000195239],['Target'],36,0,36,0,63.40771110000787,,10,63.396859100001166,63.40771110000787,63.40771110000787,0.01871730000129901,65.02601229998982,[np.float64(-0.16666666666666666)],[np.float64(0.4483333333333333)],[1],[0],[0],[1.6290961000195239],['Target'],003,001,2025-09-18_11h04.08.054,Visual Search,,2025.1.1,59.89666626548843,2025-09-18 11h04.22.853110 +0530,
37,0,37,[np.float64(0.34)],[np.float64(0.21)],[1],[0],[0],[2.963549600011902],['Target'],37,0,37,0,65.07388899999205,,10,65.04763549999916,65.07388899999205,65.07388899999205,0.02149199999985285,68.01129409999703,[np.float64(0.34)],[np.float64(0.21)],[1],[0],[0],[2.963549600011902],['Target'],003,001,2025-09-18_11h04.08.054,Visual Search,,2025.1.1,59.89666626548843,2025-09-18 11h04.22.853110 +0530,
38,0,38,[np.float64(-0.2916666666666667)],[np.float64(0.14666666666666667)],[1],[0],[0],[1.794459700002335],['Target'],38,0,38,0,68.04042229999322,,10,68.0321552999958,68.04042229999322,68.04042229999322,0.020627299993066117,69.82671240001218,[np.float64(-0.2916666666666667)],[np.float64(0.14666666666666667)],[1],[0],[0],[1.794459700002335],['Target'],003,001,2025-09-18_11h04.08.054,Visual Search,,2025.1.1,59.89666626548843,2025-09-18 11h04.22.853110 +0530,
39,0,39,[np.float64(-0.46)],[np.float64(0.02666666666666667)],[1],[0],[0],[1.1099373999750242],['Target'],39,0,39,0,69.8744175999891,,10,69.8498166000063,69.8744175999891,69.8744175999891,0.0228759000019636,70.95982230000664,[np.float64(-0.46)],[np.float64(0.02666666666666667)],[1],[0],[0],[1.1099373999750242],['Target'],003,001,2025-09-18_11h04.08.054,Visual Search,,2025.1.1,59.89666626548843,2025-09-18 11h04.22.853110 +0530,
40,0,40,[np.float64(0.23833333333333334)],[np.float64(0.24666666666666667)],[1],[0],[0],[1.5330427000008058],['Target'],40,0,40,0,70.99127739999676,,10,70.97728449999704,70.99127739999676,70.99127739999676,0.01731709999148734,72.51044300000649,[np.float64(0.23833333333333334)],[np.float64(0.24666666666666667)],[1],[0],[0],[1.5330427000008058],['Target'],003,001,2025-09-18_11h04.08.054,Visual Search,,2025.1.1,59.89666626548843,2025-09-18 11h04.22.853110 +0530,
41,0,41,[np.float64(-0.46)],[np.float64(0.2816666666666667)],[1],[0],[0],[1.3035610000079032],['Target'],41,0,41,0,72.54208750001271,,5,72.52391469999566,72.54208750001271,72.54208750001271,0.013239099993370473,73.82756689999951,[np.float64(-0.46)],[np.float64(0.2816666666666667)],[1],[0],[0],[1.3035610000079032],['Target'],003,001,2025-09-18_11h04.08.054,Visual Search,,2025.1.1,59.89666626548843,2025-09-18 11h04.22.853110 +0530,
42,0,42,[np.float64(0.21166666666666667)],[np.float64(-0.03666666666666667)],[1],[0],[0],[2.246605299995281],['Target'],42,0,42,0,73.85754880000604,,10,73.84748960001161,73.85754880000604,73.85754880000604,0.019751700019696727,76.09419020000496,[np.float64(0.21166666666666667)],[np.float64(-0.03666666666666667)],[1],[0],[0],[2.246605299995281],['Target'],003,001,2025-09-18_11h04.08.054,Visual Search,,2025.1.1,59.89666626548843,2025-09-18 11h04.22.853110 +0530,
43,0,43,[np.float64(0.2866666666666667)],[np.float64(0.023333333333333334)],[1],[0],[0],[2.320361899997806],['Target'],43,0,43,0,76.12667440000223,,5,76.10679319998599,76.12667440000223,76.12667440000223,0.01237000001128763,78.42725740000606,[np.float64(0.2866666666666667)],[np.float64(0.023333333333333334)],[1],[0],[0],[2.320361899997806],['Target'],003,001,2025-09-18_11h04.08.054,Visual Search,,2025.1.1,59.89666626548843,2025-09-18 11h04.22.853110 +0530,
44,0,44,[np.float64(0.03833333333333333)],[np.float64(-0.42333333333333334)],[1],[0],[0],[1.6197398999938741],['Target'],44,0,44,0,78.4577963000047,,5,78.44029880000744,78.4577963000047,78.4577963000047,0.01286190000246279,80.06013450000319,[np.float64(0.03833333333333333)],[np.float64(-0.42333333333333334)],[1],[0],[0],[1.6197398999938741],['Target'],003,001,2025-09-18_11h04.08.054,Visual Search,,2025.1.1,59.89666626548843,2025-09-18 11h04.22.853110 +0530,
45,0,45,[np.float64(0.16333333333333333)],[np.float64(-0.245)],[1],[0],[0],[2.8800846000085585],['Target'],45,0,45,0,80.09088810000685,,10,80.08009810000658,80.09088810000685,80.09088810000685,0.019785699987551197,82.96027559999493,[np.float64(0.16333333333333333)],[np.float64(-0.245)],[1],[0],[0],[2.8800846000085585],['Target'],003,001,2025-09-18_11h04.08.054,Visual Search,,2025.1.1,59.89666626548843,2025-09-18 11h04.22.853110 +0530,
46,0,46,[np.float64(0.27666666666666667)],[np.float64(-0.13333333333333333)],[1],[0],[0],[1.554745900008129],['Target'],46,0,46,0,82.99112230000901,,5,82.97275270000682,82.99112230000901,82.99112230000901,0.01226330001372844,84.52760279999347,[np.float64(0.27666666666666667)],[np.float64(-0.13333333333333333)],[1],[0],[0],[1.554745900008129],['Target'],003,001,2025-09-18_11h04.08.054,Visual Search,,2025.1.1,59.89666626548843,2025-09-18 11h04.22.853110 +0530,
47,0,47,[np.float64(-0.27666666666666667)],[np.float64(-0.41)],[1],[0],[0],[1.6091108999971766],['Target'],47,0,47,0,84.57399949998944,,10,84.55171259999042,84.57399949998944,84.57399949998944,0.023915199999464676,86.16093779998482,[np.float64(-0.27666666666666667)],[np.float64(-0.41)],[1],[0],[0],[1.6091108999971766],['Target'],003,001,2025-09-18_11h04.08.054,Visual Search,,2025.1.1,59.89666626548843,2025-09-18 11h04.22.853110 +0530,
48,0,48,[np.float64(0.34833333333333333)],[np.float64(-0.07333333333333333)],[1],[0],[0],[1.101198199990904],['Target'],48,0,48,0,86.19011500000488,,5,86.17594250000548,86.19011500000488,86.19011500000488,0.014742999977897853,87.2772607000079,[np.float64(0.34833333333333333)],[np.float64(-0.07333333333333333)],[1],[0],[0],[1.101198199990904],['Target'],003,001,2025-09-18_11h04.08.054,Visual Search,,2025.1.1,59.89666626548843,2025-09-18 11h04.22.853110 +0530,
49,0,49,[np.float64(0.07833333333333334)],[np.float64(-0.013333333333333334)],[1],[0],[0],[2.7609116999956314],['Target'],49,0,49,0,87.32430549999117,,10,87.29980099998647,87.32430549999117,87.32430549999117,0.02226699999300763,90.06082469999092,[np.float64(0.07833333333333334)],[np.float64(-0.013333333333333334)],[1],[0],[0],[2.7609116999956314],['Target'],003,001,2025-09-18_11h04.08.054,Visual Search,,2025.1.1,59.89666626548843,2025-09-18 11h04.22.853110 +0530,
50,0,50,[np.float64(-0.14666666666666667)],[np.float64(-0.05333333333333334)],[1],[0],[0],[1.3886778999876697],['Target'],50,0,50,0,90.09139670000877,,5,90.07315089998883,90.09139670000877,90.09139670000877,0.012139500002376735,91.46200249998947,[np.float64(-0.14666666666666667)],[np.float64(-0.05333333333333334)],[1],[0],[0],[1.3886778999876697],['Target'],003,001,2025-09-18_11h04.08.054,Visual Search,,2025.1.1,59.89666626548843,2025-09-18 11h04.22.853110 +0530,
51,0,51,[np.float64(-0.09166666666666666)],[np.float64(-0.3983333333333333)],[1],[0],[0],[2.4740540999919176],[None],51,0,51,0,91.50692469999194,,10,91.48620849999133,91.50692469999194,91.50692469999194,0.023997300013434142,93.96036279998953,[np.float64(-0.09166666666666666)],[np.float64(-0.3983333333333333)],[1],[0],[0],[2.4740540999919176],[None],003,001,2025-09-18_11h04.08.054,Visual Search,,2025.1.1,59.89666626548843,2025-09-18 11h04.22.853110 +0530,
52,0,52,[np.float64(0.11833333333333333)],[np.float64(0.44333333333333336)],[1],[0],[0],[1.5026051000168081],['Target'],52,0,52,0,93.99023950000992,,5,93.9742200000037,93.99023950000992,93.99023950000992,0.013653600006364286,95.47697079999489,[np.float64(0.11833333333333333)],[np.float64(0.44333333333333336)],[1],[0],[0],[1.5026051000168081],['Target'],003,001,2025-09-18_11h04.08.054,Visual Search,,2025.1.1,59.89666626548843,2025-09-18 11h04.22.853110 +0530,
53,0,53,[np.float64(0.06833333333333333)],[np.float64(0.11333333333333333)],[1],[0],[0],[1.2490669999970123],['Target'],53,0,53,0,95.50739949999843,,5,95.49317760000122,95.50739949999843,95.50739949999843,0.015975499991327524,96.74230559999705,[np.float64(0.06833333333333333)],[np.float64(0.11333333333333333)],[1],[0],[0],[1.2490669999970123],['Target'],003,001,2025-09-18_11h04.08.054,Visual Search,,2025.1.1,59.89666626548843,2025-09-18 11h04.22.853110 +0530,
54,0,54,[np.float64(-0.255)],[np.float64(-0.365)],[1],[0],[0],[1.531358000007458],[None],54,0,54,0,96.77317209998728,,10,96.76220329999342,96.77317209998728,96.77317209998728,0.019769500009715557,98.29365040000994,[np.float64(-0.255)],[np.float64(-0.365)],[1],[0],[0],[1.531358000007458],[None],003,001,2025-09-18_11h04.08.054,Visual Search,,2025.1.1,59.89666626548843,2025-09-18 11h04.22.853110 +0530,
55,0,55,[np.float64(-0.105)],[np.float64(0.44166666666666665)],[1],[0],[0],[1.5465780000085942],['Target'],55,0,55,0,98.32329599998775,,10,98.31363729998702,98.32329599998775,98.32329599998775,0.019785999989835545,99.86035649999394,[np.float64(-0.105)],[np.float64(0.44166666666666665)],[1],[0],[0],[1.5465780000085942],['Target'],003,001,2025-09-18_11h04.08.054,Visual Search,,2025.1.1,59.89666626548843,2025-09-18 11h04.22.853110 +0530,
56,0,56,[np.float64(-0.23)],[np.float64(-0.235)],[1],[0],[0],[1.5760998000041582],['Target'],56,0,56,0,99.90735359999235,,10,99.88413029999356,99.90735359999235,99.90735359999235,0.023477000009734184,101.46032760001253,[np.float64(-0.23)],[np.float64(-0.235)],[1],[0],[0],[1.5760998000041582],['Target'],003,001,2025-09-18_11h04.08.054,Visual Search,,2025.1.1,59.89666626548843,2025-09-18 11h04.22.853110 +0530,
57,0,57,[np.float64(-0.19166666666666668)],[np.float64(0.16166666666666665)],[1],[0],[0],[1.4439229000126943],['Target'],57,0,57,0,101.48981959998491,,10,101.4817509999848,101.48981959998491,101.48981959998491,0.021126899984665215,102.92573739998625,[np.float64(-0.19166666666666668)],[np.float64(0.16166666666666665)],[1],[0],[0],[1.4439229000126943],['Target'],003,001,2025-09-18_11h04.08.054,Visual Search,,2025.1.1,59.89666626548843,2025-09-18 11h04.22.853110 +0530,
58,0,58,[np.float64(-0.355)],[np.float64(0.03166666666666667)],[1],[0],[0],[1.1837631999806035],['Target'],58,0,58,0,102.95689599998877,,10,102.94350019999547,102.95689599998877,102.95689599998877,0.01756000000750646,104.12736300000688,[np.float64(-0.355)],[np.float64(0.03166666666666667)],[1],[0],[0],[1.1837631999806035],['Target'],003,001,2025-09-18_11h04.08.054,Visual Search,,2025.1.1,59.89666626548843,2025-09-18 11h04.22.853110 +0530,
59,0,59,[np.float64(-0.0033333333333333335)],[np.float64(-0.14333333333333334)],[1],[0],[0],[1.3365963000105694],['Target'],59,0,59,0,104.15633979998529,,5,104.13947480000206,104.15633979998529,104.15633979998529,0.011873899988131598,105.4761739000096,[np.float64(-0.0033333333333333335)],[np.float64(-0.14333333333333334)],[1],[0],[0],[1.3365963000105694],['Target'],003,001,2025-09-18_11h04.08.054,Visual Search,,2025.1.1,59.89666626548843,2025-09-18 11h04.22.853110 +0530,
60,0,60,[np.float64(0.38166666666666665)],[np.float64(-0.21833333333333332)],[1],[0],[0],[1.870701600011671],['Target'],60,0,60,0,105.5073248000117,,5,105.48843180001131,105.5073248000117,105.5073248000117,0.012087099981727079,107.35920169999008,[np.float64(0.38166666666666665)],[np.float64(-0.21833333333333332)],[1],[0],[0],[1.870701600011671],['Target'],003,001,2025-09-18_11h04.08.054,Visual Search,,2025.1.1,59.89666626548843,2025-09-18 11h04.22.853110 +0530,
61,0,61,[np.float64(-0.265)],[np.float64(-0.23333333333333334)],[1],[0],[0],[1.4582506000006106],['Target'],61,0,61,0,107.39076099998783,,5,107.3679822999984,107.39076099998783,107.39076099998783,0.008626399998320267,108.82633429998532,[np.float64(-0.265)],[np.float64(-0.23333333333333334)],[1],[0],[0],[1.4582506000006106],['Target'],003,001,2025-09-18_11h04.08.054,Visual Search,,2025.1.1,59.89666626548843,2025-09-18 11h04.22.853110 +0530,
62,0,62,[np.float64(-0.4816666666666667)],[np.float64(-0.20333333333333334)],[1],[0],[0],[1.5078458999923896],['Target'],62,0,62,0,108.85719790001167,,5,108.83939690000261,108.85719790001167,108.85719790001167,0.012882800016086549,110.34742320000078,[np.float64(-0.4816666666666667)],[np.float64(-0.20333333333333334)],[1],[0],[0],[1.5078458999923896],['Target'],003,001,2025-09-18_11h04.08.054,Visual Search,,2025.1.1,59.89666626548843,2025-09-18 11h04.22.853110 +0530,
63,0,63,[np.float64(0.4633333333333333)],[np.float64(0.49166666666666664)],[1],[0],[0],[3.251869200001238],['Target'],63,0,63,0,110.37381059999461,,5,110.3613980000082,110.37381059999461,110.37381059999461,0.013665899983607233,113.61337450001156,[np.float64(0.4633333333333333)],[np.float64(0.49166666666666664)],[1],[0],[0],[3.251869200001238],['Target'],003,001,2025-09-18_11h04.08.054,Visual Search,,2025.1.1,59.89666626548843,2025-09-18 11h04.22.853110 +0530,
64,0,64,[np.float64(-0.021666666666666667)],[np.float64(0.38166666666666665)],[1],[0],[0],[1.2090487999957986],['Target'],64,0,64,0,113.65702919999603,,10,113.63343280000845,113.65702919999603,113.65702919999603,0.019862799992552027,114.84257509998861,[np.float64(-0.021666666666666667)],[np.float64(0.38166666666666665)],[1],[0],[0],[1.2090487999957986],['Target'],003,001,2025-09-18_11h04.08.054,Visual Search,,2025.1.1,59.89666626548843,2025-09-18 11h04.22.853110 +0530,
65,0,65,[np.float64(0.12333333333333334)],[np.float64(0.205)],[1],[0],[0],[1.1976467999920715],['Target'],65,0,65,0,114.87272899999516,,10,114.86261640000157,114.87272899999516,114.87272899999516,0.019859899999573827,116.06035829999018,[np.float64(0.12333333333333334)],[np.float64(0.205)],[1],[0],[0],[1.1976467999920715],['Target'],003,001,2025-09-18_11h04.08.054,Visual Search,,2025.1.1,59.89666626548843,2025-09-18 11h04.22.853110 +0530,
66,0,66,[np.float64(0.13666666666666666)],[np.float64(0.31333333333333335)],[1],[0],[0],[1.0544728999957442],['Target'],66,0,66,0,116.09078399999999,,5,116.07307300000684,116.09078399999999,116.09078399999999,0.012503500009188429,117.12767089999397,[np.float64(0.13666666666666666)],[np.float64(0.31333333333333335)],[1],[0],[0],[1.0544728999957442],['Target'],003,001,2025-09-18_11h04.08.054,Visual Search,,2025.1.1,59.89666626548843,2025-09-18 11h04.22.853110 +0530,
67,0,67,[np.float64(0.33)],[np.float64(-0.36833333333333335)],[1],[0],[0],[2.225699100003112],['Target'],67,0,67,0,117.17328779998934,,10,117.14957579999464,117.17328779998934,117.17328779998934,0.02173969999421388,119.37534420000156,[np.float64(0.33)],[np.float64(-0.36833333333333335)],[1],[0],[0],[2.225699100003112],['Target'],003,001,2025-09-18_11h04.08.054,Visual Search,,2025.1.1,59.89666626548843,2025-09-18 11h04.22.853110 +0530,
68,0,68,[np.float64(0.29333333333333333)],[np.float64(0.16666666666666666)],[1],[0],[0],[1.1425963999936357],['Target'],68,0,68,0,119.40713310000137,,5,119.38443840001128,119.40713310000137,119.40713310000137,0.008935099991504103,120.52710450001177,[np.float64(0.29333333333333333)],[np.float64(0.16666666666666666)],[1],[0],[0],[1.1425963999936357],['Target'],003,001,2025-09-18_11h04.08.054,Visual Search,,2025.1.1,59.89666626548843,2025-09-18 11h04.22.853110 +0530,
69,0,69,[np.float64(0.46166666666666667)],[np.float64(0.018333333333333333)],[1],[0],[0],[1.0221231000032276],['Target'],69,0,69,0,120.55640339999809,,5,120.53798640001332,120.55640339999809,120.55640339999809,0.010760700009996071,121.56017859998974,[np.float64(0.46166666666666667)],[np.float64(0.018333333333333333)],[1],[0],[0],[1.0221231000032276],['Target'],003,001,2025-09-18_11h04.08.054,Visual Search,,2025.1.1,59.89666626548843,2025-09-18 11h04.22.853110 +0530,
70,0,70,[np.float64(0.20333333333333334)],[np.float64(-0.39)],[1],[0],[0],[1.4082172999915201],[None],70,0,70,0,121.58982289998676,,5,121.5694136999955,121.58982289998676,121.58982289998676,0.009084000019356608,122.97771889998694,[np.float64(0.20333333333333334)],[np.float64(-0.39)],[1],[0],[0],[1.4082172999915201],[None],003,001,2025-09-18_11h04.08.054,Visual Search,,2025.1.1,59.89666626548843,2025-09-18 11h04.22.853110 +0530,
71,0,71,[np.float64(-0.21166666666666667)],[np.float64(-0.365)],[1],[0],[0],[1.1942600999900606],['Target'],71,0,71,0,123.00845150000532,,10,122.9980460999941,123.00845150000532,123.00845150000532,0.020139600004768,124.19237189998967,[np.float64(-0.21166666666666667)],[np.float64(-0.365)],[1],[0],[0],[1.1942600999900606],['Target'],003,001,2025-09-18_11h04.08.054,Visual Search,,2025.1.1,59.89666626548843,2025-09-18 11h04.22.853110 +0530,
72,0,72,[np.float64(-0.26666666666666666)],[np.float64(-0.37833333333333335)],[1],[0],[0],[1.291206099995179],['Target'],72,0,72,0,124.22377390001202,,5,124.20126370000071,124.22377390001202,124.22377390001202,0.008754599984968081,125.49255029999767,[np.float64(-0.26666666666666666)],[np.float64(-0.37833333333333335)],[1],[0],[0],[1.291206099995179],['Target'],003,001,2025-09-18_11h04.08.054,Visual Search,,2025.1.1,59.89666626548843,2025-09-18 11h04.22.853110 +0530,
73,0,73,[np.float64(-0.01)],[np.float64(0.22833333333333333)],[1],[0],[0],[3.0327334000030532],['Target'],73,0,73,0,125.52344610000728,,10,125.50981339998543,125.52344610000728,125.52344610000728,0.01712760000373237,128.5426419999858,[np.float64(-0.01)],[np.float64(0.22833333333333333)],[1],[0],[0],[3.0327334000030532],['Target'],003,001,2025-09-18_11h04.08.054,Visual Search,,2025.1.1,59.89666626548843,2025-09-18 11h04.22.853110 +0530,
74,0,74,[np.float64(-0.07666666666666666)],[np.float64(-0.04833333333333333)],[1],[0],[0],[1.0952103000017814],['Target'],74,0,74,0,128.57374100000015,,10,128.56351229999564,128.57374100000015,128.57374100000015,0.020550199988065287,129.6587903999898,[np.float64(-0.07666666666666666)],[np.float64(-0.04833333333333333)],[1],[0],[0],[1.0952103000017814],['Target'],003,001,2025-09-18_11h04.08.054,Visual Search,,2025.1.1,59.89666626548843,2025-09-18 11h04.22.853110 +0530,
75,0,75,[np.float64(0.19)],[np.float64(-0.44333333333333336)],[1],[0],[0],[1.877126200008206],['Target'],75,0,75,0,129.69065060000867,,5,129.66775749999215,129.69065060000867,129.69065060000867,0.008826100005535409,131.54500039998675,[np.float64(0.19)],[np.float64(-0.44333333333333336)],[1],[0],[0],[1.877126200008206],['Target'],003,001,2025-09-18_11h04.08.054,Visual Search,,2025.1.1,59.89666626548843,2025-09-18 11h04.22.853110 +0530,
76,0,76,[np.float64(0.2866666666666667)],[np.float64(-0.265)],[1],[0],[0],[2.5245082000037655],['Target'],76,0,76,0,131.59162339998875,,10,131.56830240000272,131.59162339998875,131.59162339998875,0.023138499993365258,134.09291450001183,[np.float64(0.2866666666666667)],[np.float64(-0.265)],[1],[0],[0],[2.5245082000037655],['Target'],003,001,2025-09-18_11h04.08.054,Visual Search,,2025.1.1,59.89666626548843,2025-09-18 11h04.22.853110 +0530,
77,0,77,[np.float64(-0.41333333333333333)],[np.float64(-0.215)],[1],[0],[0],[1.3312300999823492],['Target'],77,0,77,0,134.12371340001118,,10,134.1127497999987,134.12371340001118,134.12371340001118,0.01954700000351295,135.4441547000024,[np.float64(-0.41333333333333333)],[np.float64(-0.215)],[1],[0],[0],[1.3312300999823492],['Target'],003,001,2025-09-18_11h04.08.054,Visual Search,,2025.1.1,59.89666626548843,2025-09-18 11h04.22.853110 +0530,
78,0,78,[np.float64(-0.5133333333333333)],[np.float64(0.365)],[1],[0],[0],[1.469128600001568],[None],78,0,78,0,135.4741398000042,,5,135.45724230000633,135.4741398000042,135.4741398000042,0.012787199986632913,136.9264598999871,[np.float64(-0.5133333333333333)],[np.float64(0.365)],[1],[0],[0],[1.469128600001568],[None],003,001,2025-09-18_11h04.08.054,Visual Search,,2025.1.1,59.89666626548843,2025-09-18 11h04.22.853110 +0530,
79,0,79,[np.float64(0.38166666666666665)],[np.float64(0.37833333333333335)],[1],[0],[0],[1.6691476999840233],['Target'],79,0,79,0,136.9566410999978,,5,136.93832139999722,136.9566410999978,136.9566410999978,0.011681699979817495,138.6075150000106,[np.float64(0.38166666666666665)],[np.float64(0.37833333333333335)],[1],[0],[0],[1.6691476999840233],['Target'],003,001,2025-09-18_11h04.08.054,Visual Search,,2025.1.1,59.89666626548843,2025-09-18 11h04.22.853110 +0530,
80,0,80,[np.float64(-0.425)],[np.float64(0.20666666666666667)],[1],[0],[0],[1.6944470999878831],['Target'],80,0,80,0,138.62309589999495,,5,138.6156054000021,138.62309589999495,138.62309589999495,0.008013699989533052,140.3101628999866,[np.float64(-0.425)],[np.float64(0.20666666666666667)],[1],[0],[0],[1.6944470999878831],['Target'],003,001,2025-09-18_11h04.08.054,Visual Search,,2025.1.1,59.89666626548843,2025-09-18 11h04.22.853110 +0530,
81,0,81,[np.float64(0.16)],[np.float64(-0.005)],[1],[0],[0],[1.4859708000149112],['Target'],81,0,81,0,140.33938019999187,,5,140.32346270000562,140.33938019999187,140.33938019999187,0.01309600000968203,141.80954489999567,[np.float64(0.16)],[np.float64(-0.005)],[1],[0],[0],[1.4859708000149112],['Target'],003,001,2025-09-18_11h04.08.054,Visual Search,,2025.1.1,59.89666626548843,2025-09-18 11h04.22.853110 +0530,
82,0,82,[np.float64(-0.36666666666666664)],[np.float64(-0.43666666666666665)],[1],[0],[0],[3.3964367999869864],['Target'],82,0,82,0,141.84213000000454,,10,141.8295361000055,141.84213000000454,141.84213000000454,0.01981800000066869,145.226053099992,[np.float64(-0.36666666666666664)],[np.float64(-0.43666666666666665)],[1],[0],[0],[3.3964367999869864],['Target'],003,001,2025-09-18_11h04.08.054,Visual Search,,2025.1.1,59.89666626548843,2025-09-18 11h04.22.853110 +0530,
83,0,83,[np.float64(-0.37166666666666665)],[np.float64(-0.37833333333333335)],[1],[0],[0],[1.1049961000098847],['Target'],83,0,83,0,145.25659189998987,,5,145.23700269998517,145.25659189998987,145.25659189998987,0.010756200004834682,146.34207559999777,[np.float64(-0.37166666666666665)],[np.float64(-0.37833333333333335)],[1],[0],[0],[1.1049961000098847],['Target'],003,001,2025-09-18_11h04.08.054,Visual Search,,2025.1.1,59.89666626548843,2025-09-18 11h04.22.853110 +0530,
84,0,84,[np.float64(-0.3466666666666667)],[np.float64(0.006666666666666667)],[1],[0],[0],[1.3408086000126787],['Target'],84,0,84,0,146.37274580000667,,5,146.35170389999985,146.37274580000667,146.37274580000667,0.009488900017458946,147.69260529999156,[np.float64(-0.3466666666666667)],[np.float64(0.006666666666666667)],[1],[0],[0],[1.3408086000126787],['Target'],003,001,2025-09-18_11h04.08.054,Visual Search,,2025.1.1,59.89666626548843,2025-09-18 11h04.22.853110 +0530,
85,0,85,[np.float64(-0.10166666666666667)],[np.float64(0.30833333333333335)],[1],[0],[0],[1.8451025999966078],['Target'],85,0,85,0,147.72329470000113,,10,147.71252900001127,147.72329470000113,147.72329470000113,0.019747499987715855,149.55769429999054,[np.float64(-0.10166666666666667)],[np.float64(0.30833333333333335)],[1],[0],[0],[1.8451025999966078],['Target'],003,001,2025-09-18_11h04.08.054,Visual Search,,2025.1.1,59.89666626548843,2025-09-18 11h04.22.853110 +0530,
86,0,86,[np.float64(-0.13166666666666665)],[np.float64(-0.13)],[1],[0],[0],[1.5860014999925625],['Target'],86,0,86,0,149.58898430000409,,5,149.57177979999688,149.58898430000409,149.58898430000409,0.013967899983981624,151.1578378000122,[np.float64(-0.13166666666666665)],[np.float64(-0.13)],[1],[0],[0],[1.5860014999925625],['Target'],003,001,2025-09-18_11h04.08.054,Visual Search,,2025.1.1,59.89666626548843,2025-09-18 11h04.22.853110 +0530,
87,0,87,[np.float64(-0.19)],[np.float64(0.37833333333333335)],[1],[0],[0],[1.4227284000080545],['Target'],87,0,87,0,151.18891430000076,,5,151.1698359999864,151.18891430000076,151.18891430000076,0.011896199983311817,152.592642100004,[np.float64(-0.19)],[np.float64(0.37833333333333335)],[1],[0],[0],[1.4227284000080545],['Target'],003,001,2025-09-18_11h04.08.054,Visual Search,,2025.1.1,59.89666626548843,2025-09-18 11h04.22.853110 +0530,
88,0,88,[np.float64(0.2966666666666667)],[np.float64(-0.14)],[1],[0],[0],[2.347088900016388],['Target'],88,0,88,0,152.62237229998573,,10,152.61296880000737,152.62237229998573,152.62237229998573,0.02017210001940839,154.96015009999974,[np.float64(0.2966666666666667)],[np.float64(-0.14)],[1],[0],[0],[2.347088900016388],['Target'],003,001,2025-09-18_11h04.08.054,Visual Search,,2025.1.1,59.89666626548843,2025-09-18 11h04.22.853110 +0530,
89,0,89,[np.float64(-0.04)],[np.float64(-0.13666666666666666)],[1],[0],[0],[2.018852800014429],['Target'],89,0,89,0,155.00606389998575,,10,154.98876099998597,155.00606389998575,155.00606389998575,0.028408799989847466,157.00767910000286,[np.float64(-0.04)],[np.float64(-0.13666666666666666)],[1],[0],[0],[2.018852800014429],['Target'],003,001,2025-09-18_11h04.08.054,Visual Search,,2025.1.1,59.89666626548843,2025-09-18 11h04.22.853110 +0530,
90,0,90,[np.float64(-0.4683333333333333)],[np.float64(0.19666666666666666)],[1],[0],[0],[1.8830892000114545],['Target'],90,0,90,0,157.03881599998567,,10,157.02511129999766,157.03881599998567,157.03881599998567,0.0172947000246495,158.90830069998628,[np.float64(-0.4683333333333333)],[np.float64(0.19666666666666666)],[1],[0],[0],[1.8830892000114545],['Target'],003,001,2025-09-18_11h04.08.054,Visual Search,,2025.1.1,59.89666626548843,2025-09-18 11h04.22.853110 +0530,
91,0,91,[np.float64(-0.135)],[np.float64(0.48)],[1],[0],[0],[1.6082708000030834],['Target'],91,0,91,0,158.94020849998924,,5,158.91763429998537,158.94020849998924,158.94020849998924,0.009112900006584823,160.52599799999734,[np.float64(-0.135)],[np.float64(0.48)],[1],[0],[0],[1.6082708000030834],['Target'],003,001,2025-09-18_11h04.08.054,Visual Search,,2025.1.1,59.89666626548843,2025-09-18 11h04.22.853110 +0530,
92,0,92,[np.float64(-0.425)],[np.float64(0.4816666666666667)],[1],[0],[0],[2.2397940999944694],['Target'],92,0,92,0,160.55627380000078,,5,160.53673329998855,160.55627380000078,160.55627380000078,0.010571899998467416,162.77664729999378,[np.float64(-0.425)],[np.float64(0.4816666666666667)],[1],[0],[0],[2.2397940999944694],['Target'],003,001,2025-09-18_11h04.08.054,Visual Search,,2025.1.1,59.89666626548843,2025-09-18 11h04.22.853110 +0530,
93,0,93,[np.float64(-0.38333333333333336)],[np.float64(0.18333333333333332)],[1],[0],[0],[1.2822770000202581],['Target'],93,0,93,0,162.8062188999902,,5,162.7922869999893,162.8062188999902,162.8062188999902,0.015454200009116903,164.07467070000712,[np.float64(-0.38333333333333336)],[np.float64(0.18333333333333332)],[1],[0],[0],[1.2822770000202581],['Target'],003,001,2025-09-18_11h04.08.054,Visual Search,,2025.1.1,59.89666626548843,2025-09-18 11h04.22.853110 +0530,
94,0,94,[np.float64(0.415)],[np.float64(0.13)],[1],[0],[0],[1.386000200000126],['Target'],94,0,94,0,164.10567479999736,,5,164.089696799987,164.10567479999736,164.10567479999736,0.014840000018011779,165.47578979999525,[np.float64(0.415)],[np.float64(0.13)],[1],[0],[0],[1.386000200000126],['Target'],003,001,2025-09-18_11h04.08.054,Visual Search,,2025.1.1,59.89666626548843,2025-09-18 11h04.22.853110 +0530,
95,0,95,[np.float64(0.27166666666666667)],[np.float64(0.12333333333333334)],[1],[0],[0],[1.5786634999967646],['Target'],95,0,95,0,165.52230069998768,,10,165.49651500000618,165.52230069998768,165.52230069998768,0.02054389999830164,167.07528660001117,[np.float64(0.27166666666666667)],[np.float64(0.12333333333333334)],[1],[0],[0],[1.5786634999967646],['Target'],003,001,2025-09-18_11h04.08.054,Visual Search,,2025.1.1,59.89666626548843,2025-09-18 11h04.22.853110 +0530,
96,0,96,[np.float64(0.23)],[np.float64(0.37)],[1],[0],[0],[1.2783689000061713],['Target'],96,0,96,0,167.105825000006,,10,167.09690969999065,167.105825000006,167.105825000006,0.021411599998828024,168.37535539999953,[np.float64(0.23)],[np.float64(0.37)],[1],[0],[0],[1.2783689000061713],['Target'],003,001,2025-09-18_11h04.08.054,Visual Search,,2025.1.1,59.89666626548843,2025-09-18 11h04.22.853110 +0530,
97,0,97,[np.float64(-0.2966666666666667)],[np.float64(0.29333333333333333)],[1],[0],[0],[1.882865000021411],[None],97,0,97,0,168.40552309999475,,10,168.39327319999575,168.40552309999475,168.40552309999475,0.017751899984432384,170.27622180001345,[np.float64(-0.2966666666666667)],[np.float64(0.29333333333333333)],[1],[0],[0],[1.882865000021411],[None],003,001,2025-09-18_11h04.08.054,Visual Search,,2025.1.1,59.89666626548843,2025-09-18 11h04.22.853110 +0530,
98,0,98,[np.float64(-0.4483333333333333)],[np.float64(0.11166666666666666)],[1],[0],[0],[1.4722636000078637],['Target'],98,0,98,0,170.30542449999484,,5,170.28727719999733,170.30542449999484,170.30542449999484,0.01088529999833554,171.75964989999193,[np.float64(-0.4483333333333333)],[np.float64(0.11166666666666666)],[1],[0],[0],[1.4722636000078637],['Target'],003,001,2025-09-18_11h04.08.054,Visual Search,,2025.1.1,59.89666626548843,2025-09-18 11h04.22.853110 +0530,
99,0,99,[np.float64(-0.265)],[np.float64(-0.34)],[1],[0],[0],[1.6617408999882173],['Target'],99,0,99,0,171.78859740000917,,10,171.77957909999532,171.78859740000917,171.78859740000917,0.019716600014362484,173.44140529999277,[np.float64(-0.265)],[np.float64(-0.34)],[1],[0],[0],[1.6617408999882173],['Target'],003,001,2025-09-18_11h04.08.054,Visual Search,,2025.1.1,59.89666626548843,2025-09-18 11h04.22.853110 +0530,
100,0,100,[np.float64(-0.058333333333333334)],[np.float64(-0.31666666666666665)],[1],[0],[0],[1.3321862999873701],['Target'],100,0,100,0,173.4722189999884,,10,173.4584174999909,173.4722189999884,173.4722189999884,0.01679970000986941,174.79064679998555,[np.float64(-0.058333333333333334)],[np.float64(-0.31666666666666665)],[1],[0],[0],[1.3321862999873701],['Target'],003,001,2025-09-18_11h04.08.054,Visual Search,,2025.1.1,59.89666626548843,2025-09-18 11h04.22.853110 +0530,
101,0,101,[np.float64(0.22)],[np.float64(-0.125)],[1],[0],[0],[1.4870342999929562],['Target'],101,0,101,0,174.8224821999902,,10,174.80541510001058,174.8224821999902,174.8224821999902,0.014679200015962124,176.29254870000295,[np.float64(0.22)],[np.float64(-0.125)],[1],[0],[0],[1.4870342999929562],['Target'],003,001,2025-09-18_11h04.08.054,Visual Search,,2025.1.1,59.89666626548843,2025-09-18 11h04.22.853110 +0530,
102,0,102,[np.float64(-0.225)],[np.float64(0.46)],[1],[0],[0],[1.4531451000075322],['Target'],102,0,102,0,176.3224998000078,,5,176.30525090001174,176.3224998000078,176.3224998000078,0.012505000020610169,177.75850880000507,[np.float64(-0.225)],[np.float64(0.46)],[1],[0],[0],[1.4531451000075322],['Target'],003,001,2025-09-18_11h04.08.054,Visual Search,,2025.1.1,59.89666626548843,2025-09-18 11h04.22.853110 +0530,
103,0,103,[np.float64(-0.485)],[np.float64(0.22833333333333333)],[1],[0],[0],[1.7116555999964476],['Target'],103,0,103,0,177.80626459998894,,10,177.78053029999137,177.80626459998894,177.80626459998894,0.02186380000784993,179.49227980000433,[np.float64(-0.485)],[np.float64(0.22833333333333333)],[1],[0],[0],[1.7116555999964476],['Target'],003,001,2025-09-18_11h04.08.054,Visual Search,,2025.1.1,59.89666626548843,2025-09-18 11h04.22.853110 +0530,
104,0,104,[np.float64(0.006666666666666667)],[np.float64(-0.15166666666666667)],[1],[0],[0],[2.8779639000131283],['Target'],104,0,104,0,179.5219872999878,,10,179.51367350001237,179.5219872999878,179.5219872999878,0.021168000006582588,182.391724599991,[np.float64(0.006666666666666667)],[np.float64(-0.15166666666666667)],[1],[0],[0],[2.8779639000131283],['Target'],003,001,2025-09-18_11h04.08.054,Visual Search,,2025.1.1,59.89666626548843,2025-09-18 11h04.22.853110 +0530,
105,0,105,[np.float64(0.32666666666666666)],[np.float64(-0.3283333333333333)],[1],[0],[0],[1.6064609000168275],['Target'],105,0,105,0,182.43906699999934,,10,182.41909350000788,182.43906699999934,182.43906699999934,0.027119800011860207,184.02565150000737,[np.float64(0.32666666666666666)],[np.float64(-0.3283333333333333)],[1],[0],[0],[1.6064609000168275],['Target'],003,001,2025-09-18_11h04.08.054,Visual Search,,2025.1.1,59.89666626548843,2025-09-18 11h04.22.853110 +0530,
106,0,106,[np.float64(0.38333333333333336)],[np.float64(-0.23333333333333334)],[1],[0],[0],[1.7783970999880694],[None],106,0,106,0,184.0726805999875,,10,184.04810839999118,184.0726805999875,184.0726805999875,0.022273599985055625,185.82660770000075,[np.float64(0.38333333333333336)],[np.float64(-0.23333333333333334)],[1],[0],[0],[1.7783970999880694],[None],003,001,2025-09-18_11h04.08.054,Visual Search,,2025.1.1,59.89666626548843,2025-09-18 11h04.22.853110 +0530,
107,0,107,[np.float64(0.3)],[np.float64(0.11)],[1],[0],[0],[1.5935249999747612],[None],107,0,107,0,185.87225909999688,,10,185.84832129999995,185.87225909999688,185.87225909999688,0.02147869998589158,187.44195790000958,[np.float64(0.3)],[np.float64(0.11)],[1],[0],[0],[1.5935249999747612],[None],003,001,2025-09-18_11h04.08.054,Visual Search,,2025.1.1,59.89666626548843,2025-09-18 11h04.22.853110 +0530,
108,0,108,[np.float64(0.5183333333333333)],[np.float64(-0.25833333333333336)],[1],[0],[0],[1.4525504999910481],['Target'],108,0,108,0,187.47245199998724,,5,187.45653379999567,187.47245199998724,187.47245199998724,0.014374999998835847,188.90918119999697,[np.float64(0.5183333333333333)],[np.float64(-0.25833333333333336)],[1],[0],[0],[1.4525504999910481],['Target'],003,001,2025-09-18_11h04.08.054,Visual Search,,2025.1.1,59.89666626548843,2025-09-18 11h04.22.853110 +0530,
109,0,109,[np.float64(0.07833333333333334)],[np.float64(-0.35333333333333333)],[1],[0],[0],[1.1701395999989472],['Target'],109,0,109,0,188.93912779999664,,5,188.92324979999103,188.93912779999664,188.93912779999664,0.01389599998947233,190.0935230999894,[np.float64(0.07833333333333334)],[np.float64(-0.35333333333333333)],[1],[0],[0],[1.1701395999989472],['Target'],003,001,2025-09-18_11h04.08.054,Visual Search,,2025.1.1,59.89666626548843,2025-09-18 11h04.22.853110 +0530,
110,0,110,[np.float64(0.32666666666666666)],[np.float64(-0.23833333333333334)],[1],[0],[0],[1.0309046999900602],['Target'],110,0,110,0,190.12317770000664,,5,190.10909390001325,190.12317770000664,190.12317770000664,0.015383099991595373,191.14004450000357,[np.float64(0.32666666666666666)],[np.float64(-0.23833333333333334)],[1],[0],[0],[1.0309046999900602],['Target'],003,001,2025-09-18_11h04.08.054,Visual Search,,2025.1.1,59.89666626548843,2025-09-18 11h04.22.853110 +0530,
111,0,111,[np.float64(-0.5283333333333333)],[np.float64(0.27166666666666667)],[1],[0],[0],[1.434256299980916],[None],111,0,111,0,191.17197120000492,,10,191.156851000007,191.17197120000492,191.17197120000492,0.016724599990993738,192.5912113999948,[np.float64(-0.5283333333333333)],[np.float64(0.27166666666666667)],[1],[0],[0],[1.434256299980916],[None],003,001,2025-09-18_11h04.08.054,Visual Search,,2025.1.1,59.89666626548843,2025-09-18 11h04.22.853110 +0530,
112,0,112,[np.float64(-0.28)],[np.float64(0.215)],[1],[0],[0],[1.1709419999970123],['Target'],112,0,112,0,192.62165139999706,,5,192.60379960000864,192.62165139999706,192.62165139999706,0.012363499990897253,193.7748566000082,[np.float64(-0.28)],[np.float64(0.215)],[1],[0],[0],[1.1709419999970123],['Target'],003,001,2025-09-18_11h04.08.054,Visual Search,,2025.1.1,59.89666626548843,2025-09-18 11h04.22.853110 +0530,
113,0,113,[np.float64(-0.43666666666666665)],[np.float64(0.185)],[1],[0],[0],[1.2551296000019647],['Target'],113,0,113,0,193.80585699999938,,5,193.7868679999956,193.80585699999938,193.80585699999938,0.011832299991510808,195.0420952999848,[np.float64(-0.43666666666666665)],[np.float64(0.185)],[1],[0],[0],[1.2551296000019647],['Target'],003,001,2025-09-18_11h04.08.054,Visual Search,,2025.1.1,59.89666626548843,2025-09-18 11h04.22.853110 +0530,
114,0,114,[np.float64(-0.21)],[np.float64(0.24666666666666667)],[1],[0],[0],[1.0707081999862567],['Target'],114,0,114,0,195.07227490001242,,5,195.05416780000087,195.07227490001242,195.07227490001242,0.01189870000234805,196.12497780000558,[np.float64(-0.21)],[np.float64(0.24666666666666667)],[1],[0],[0],[1.0707081999862567],['Target'],003,001,2025-09-18_11h04.08.054,Visual Search,,2025.1.1,59.89666626548843,2025-09-18 11h04.22.853110 +0530,
115,0,115,[np.float64(-0.075)],[np.float64(-0.4483333333333333)],[1],[0],[0],[1.9311668000009377],['Target'],115,0,115,0,196.1720948999864,,10,196.1454926999868,196.1720948999864,196.1720948999864,0.020402499998454005,198.07678669999586,[np.float64(-0.075)],[np.float64(-0.4483333333333333)],[1],[0],[0],[1.9311668000009377],['Target'],003,001,2025-09-18_11h04.08.054,Visual Search,,2025.1.1,59.89666626548843,2025-09-18 11h04.22.853110 +0530,
116,0,116,[np.float64(-0.085)],[np.float64(-0.34833333333333333)],[1],[0],[0],[1.23388949999935],['Target'],116,0,116,0,198.10519490001025,,5,198.09070699999575,198.10519490001025,198.10519490001025,0.01371209998615086,199.32469440001296,[np.float64(-0.085)],[np.float64(-0.34833333333333333)],[1],[0],[0],[1.23388949999935],['Target'],003,001,2025-09-18_11h04.08.054,Visual Search,,2025.1.1,59.89666626548843,2025-09-18 11h04.22.853110 +0530,
117,0,117,[np.float64(0.5033333333333333)],[np.float64(0.27166666666666667)],[1],[0],[0],[1.3884689999977127],['Target'],117,0,117,0,199.3558139000088,,5,199.33839170000283,199.3558139000088,199.3558139000088,0.01353739999467507,200.72701539998525,[np.float64(0.5033333333333333)],[np.float64(0.27166666666666667)],[1],[0],[0],[1.3884689999977127],['Target'],003,001,2025-09-18_11h04.08.054,Visual Search,,2025.1.1,59.89666626548843,2025-09-18 11h04.22.853110 +0530,
118,0,118,[np.float64(-0.18333333333333332)],[np.float64(0.3433333333333333)],[1],[0],[0],[1.2439005999767687],['Target'],118,0,118,0,200.75565259999712,,5,200.7475160000031,200.75565259999712,200.75565259999712,0.02026379999006167,201.99151270001312,[np.float64(-0.18333333333333332)],[np.float64(0.3433333333333333)],[1],[0],[0],[1.2439005999767687],['Target'],003,001,2025-09-18_11h04.08.054,Visual Search,,2025.1.1,59.89666626548843,2025-09-18 11h04.22.853110 +0530,
119,0,119,[np.float64(-0.21333333333333335)],[np.float64(0.035)],[1],[0],[0],[1.0852176999906078],['Target'],119,0,119,0,202.02224699998624,,5,202.00610870000673,202.02224699998624,202.02224699998624,0.014426600013393909,203.09141689998796,[np.float64(-0.21333333333333335)],[np.float64(0.035)],[1],[0],[0],[1.0852176999906078],['Target'],003,001,2025-09-18_11h04.08.054,Visual Search,,2025.1.1,59.89666626548843,2025-09-18 11h04.22.853110 +0530,
120,0,120,[np.float64(-0.445)],[np.float64(0.4583333333333333)],[1],[0],[0],[2.0202987999946345],['Target'],120,0,120,0,203.12253319998854,,5,203.10428359999787,203.12253319998854,203.12253319998854,0.012706799985608086,205.12465370001155,[np.float64(-0.445)],[np.float64(0.4583333333333333)],[1],[0],[0],[2.0202987999946345],['Target'],003,001,2025-09-18_11h04.08.054,Visual Search,,2025.1.1,59.89666626548843,2025-09-18 11h04.22.853110 +0530,
121,0,121,[np.float64(0.425)],[np.float64(-0.225)],[1],[0],[0],[1.6246076000097673],['Target'],121,0,121,0,205.1558265000058,,5,205.13395330001367,205.1558265000058,205.1558265000058,0.009176299994578585,206.758653900004,[np.float64(0.425)],[np.float64(-0.225)],[1],[0],[0],[1.6246076000097673],['Target'],003,001,2025-09-18_11h04.08.054,Visual Search,,2025.1.1,59.89666626548843,2025-09-18 11h04.22.853110 +0530,
122,0,122,[np.float64(0.4)],[np.float64(0.058333333333333334)],[1],[0],[0],[1.1034668000065722],['Target'],122,0,122,0,206.78880420001224,,5,206.77135980001185,206.78880420001224,206.78880420001224,0.012543000018922612,207.87494519999018,[np.float64(0.4)],[np.float64(0.058333333333333334)],[1],[0],[0],[1.1034668000065722],['Target'],003,001,2025-09-18_11h04.08.054,Visual Search,,2025.1.1,59.89666626548843,2025-09-18 11h04.22.853110 +0530,
123,0,123,[np.float64(0.30833333333333335)],[np.float64(0.38666666666666666)],[1],[0],[0],[1.6533180999977048],['Target'],123,0,123,0,207.90536730000167,,5,207.88982750001014,207.90536730000167,207.90536730000167,0.014761800004635006,209.5432526000077,[np.float64(0.30833333333333335)],[np.float64(0.38666666666666666)],[1],[0],[0],[1.6533180999977048],['Target'],003,001,2025-09-18_11h04.08.054,Visual Search,,2025.1.1,59.89666626548843,2025-09-18 11h04.22.853110 +0530,
124,0,124,[np.float64(0.2783333333333333)],[np.float64(-0.041666666666666664)],[1],[0],[0],[1.2672282999847084],['Target'],124,0,124,0,209.57291250000708,,5,209.5573657999921,209.57291250000708,209.57291250000708,0.01392550001037307,210.82468890000018,[np.float64(0.2783333333333333)],[np.float64(-0.041666666666666664)],[1],[0],[0],[1.2672282999847084],['Target'],003,001,2025-09-18_11h04.08.054,Visual Search,,2025.1.1,59.89666626548843,2025-09-18 11h04.22.853110 +0530,
125,0,125,[np.float64(-0.19166666666666668)],[np.float64(0.15166666666666667)],[1],[0],[0],[2.743331900011981],['Target'],125,0,125,0,210.87184619999607,,10,210.84789239999373,210.87184619999607,210.87184619999607,0.023034199984977022,213.5913193000015,[np.float64(-0.19166666666666668)],[np.float64(0.15166666666666667)],[1],[0],[0],[2.743331900011981],['Target'],003,001,2025-09-18_11h04.08.054,Visual Search,,2025.1.1,59.89666626548843,2025-09-18 11h04.22.853110 +0530,
126,0,126,[np.float64(0.4166666666666667)],[np.float64(0.23166666666666666)],[1],[0],[0],[1.4472243000054732],[None],126,0,126,0,213.62176889998955,,10,213.6118792000052,213.62176889998955,213.62176889998955,0.020342999981949106,215.0592287000036,[np.float64(0.4166666666666667)],[np.float64(0.23166666666666666)],[1],[0],[0],[1.4472243000054732],[None],003,001,2025-09-18_11h04.08.054,Visual Search,,2025.1.1,59.89666626548843,2025-09-18 11h04.22.853110 +0530,
127,0,127,[np.float64(0.26166666666666666)],[np.float64(-0.2866666666666667)],[1],[0],[0],[1.8706799000210594],['Target'],127,0,127,0,215.10466290000477,,10,215.08729429999948,215.10466290000477,215.10466290000477,0.02779510000254959,216.95805720001226,[np.float64(0.26166666666666666)],[np.float64(-0.2866666666666667)],[1],[0],[0],[1.8706799000210594],['Target'],003,001,2025-09-18_11h04.08.054,Visual Search,,2025.1.1,59.89666626548843,2025-09-18 11h04.22.853110 +0530,
128,0,128,[np.float64(-0.30833333333333335)],[np.float64(-0.36833333333333335)],[1],[0],[0],[1.6303699999989476],[None],128,0,128,0,216.9882043999969,,10,216.97943780000787,216.9882043999969,216.9882043999969,0.02118100001825951,218.6099138999998,[np.float64(-0.30833333333333335)],[np.float64(-0.36833333333333335)],[1],[0],[0],[1.6303699999989476],[None],003,001,2025-09-18_11h04.08.054,Visual Search,,2025.1.1,59.89666626548843,2025-09-18 11h04.22.853110 +0530,
129,0,129,[np.float64(-0.3616666666666667)],[np.float64(0.45)],[1],[0],[0],[2.2429647000099067],[None],129,0,129,0,218.6550186999957,,10,218.63285850000102,218.6550186999957,218.6550186999957,0.022731199976988137,220.87592500000028,[np.float64(-0.3616666666666667)],[np.float64(0.45)],[1],[0],[0],[2.2429647000099067],[None],003,001,2025-09-18_11h04.08.054,Visual Search,,2025.1.1,59.89666626548843,2025-09-18 11h04.22.853110 +0530,
130,0,130,[np.float64(0.09333333333333334)],[np.float64(-0.26666666666666666)],[1],[0],[0],[1.7333360000047833],['Target'],130,0,130,0,220.90508580001188,,5,220.89004840000416,220.90508580001188,220.90508580001188,0.013913900009356439,222.6234461000131,[np.float64(0.09333333333333334)],[np.float64(-0.26666666666666666)],[1],[0],[0],[1.7333360000047833],['Target'],003,001,2025-09-18_11h04.08.054,Visual Search,,2025.1.1,59.89666626548843,2025-09-18 11h04.22.853110 +0530,
131,0,131,[np.float64(-0.36833333333333335)],[np.float64(-0.20666666666666667)],[1],[0],[0],[2.493174799979897],[None],131,0,131,0,222.6713524000079,,10,222.64771319998545,222.6713524000079,222.6713524000079,0.02416059997631237,225.14096580000478,[np.float64(-0.36833333333333335)],[np.float64(-0.20666666666666667)],[1],[0],[0],[2.493174799979897],[None],003,001,2025-09-18_11h04.08.054,Visual Search,,2025.1.1,59.89666626548843,2025-09-18 11h04.22.853110 +0530,
132,0,132,[np.float64(0.06333333333333334)],[np.float64(-0.275)],[1],[0],[0],[1.091310899995733],[None],132,0,132,0,225.17172799998662,,5,225.1513844000001,225.17172799998662,225.17172799998662,0.010241100011626258,226.24280469998484,[np.float64(0.06333333333333334)],[np.float64(-0.275)],[1],[0],[0],[1.091310899995733],[None],003,001,2025-09-18_11h04.08.054,Visual Search,,2025.1.1,59.89666626548843,2025-09-18 11h04.22.853110 +0530,
133,0,133,[np.float64(-0.34)],[np.float64(0.33666666666666667)],[1],[0],[0],[1.2347664999833796],['Target'],133,0,133,0,226.27128650000668,,5,226.25741530000232,226.27128650000668,226.27128650000668,0.014430400013225153,227.49227899999823,[np.float64(-0.34)],[np.float64(0.33666666666666667)],[1],[0],[0],[1.2347664999833796],['Target'],003,001,2025-09-18_11h04.08.054,Visual Search,,2025.1.1,59.89666626548843,2025-09-18 11h04.22.853110 +0530,
134,0,134,[np.float64(-0.43666666666666665)],[np.float64(-0.13666666666666666)],[1],[0],[0],[1.6428822000161745],['Target'],134,0,134,0,227.5383489000087,,10,227.51496969998698,227.5383489000087,227.5383489000087,0.022505999979330227,229.1579572999908,[np.float64(-0.43666666666666665)],[np.float64(-0.13666666666666666)],[1],[0],[0],[1.6428822000161745],['Target'],003,001,2025-09-18_11h04.08.054,Visual Search,,2025.1.1,59.89666626548843,2025-09-18 11h04.22.853110 +0530,
135,0,135,[np.float64(0.055)],[np.float64(0.315)],[1],[0],[0],[1.4259596999909263],['Target'],135,0,135,0,229.2047215999919,,10,229.18046709999908,229.2047215999919,229.2047215999919,0.022310300002573058,230.6064718000125,[np.float64(0.055)],[np.float64(0.315)],[1],[0],[0],[1.4259596999909263],['Target'],003,001,2025-09-18_11h04.08.054,Visual Search,,2025.1.1,59.89666626548843,2025-09-18 11h04.22.853110 +0530,
136,0,136,[np.float64(-0.2833333333333333)],[np.float64(-0.065)],[1],[0],[0],[2.977555300021777],[None],136,0,136,0,230.6545444999938,,10,230.63150250000763,230.6545444999938,230.6545444999938,0.024952500010840595,233.60915760000353,[np.float64(-0.2833333333333333)],[np.float64(-0.065)],[1],[0],[0],[2.977555300021777],[None],003,001,2025-09-18_11h04.08.054,Visual Search,,2025.1.1,59.89666626548843,2025-09-18 11h04.22.853110 +0530,
137,0,137,[np.float64(0.013333333333333334)],[np.float64(0.31166666666666665)],[1],[0],[0],[2.110774799977662],['Target'],137,0,137,0,233.65477490000194,,10,233.6306801000028,233.65477490000194,233.65477490000194,0.021299300016835332,235.74155189999146,[np.float64(0.013333333333333334)],[np.float64(0.31166666666666665)],[1],[0],[0],[2.110774799977662],['Target'],003,001,2025-09-18_11h04.08.054,Visual Search,,2025.1.1,59.89666626548843,2025-09-18 11h04.22.853110 +0530,
138,0,138,[np.float64(0.29333333333333333)],[np.float64(-0.15833333333333333)],[1],[0],[0],[1.2117189000127837],[None],138,0,138,0,235.78805360000115,,10,235.7631914000085,235.78805360000115,235.78805360000115,0.02143439999781549,236.97498719999567,[np.float64(0.29333333333333333)],[np.float64(-0.15833333333333333)],[1],[0],[0],[1.2117189000127837],[None],003,001,2025-09-18_11h04.08.054,Visual Search,,2025.1.1,59.89666626548843,2025-09-18 11h04.22.853110 +0530,
139,0,139,[np.float64(-0.1)],[np.float64(0.3383333333333333)],[1],[0],[0],[1.1205297999840695],['Target'],139,0,139,0,237.00472830000217,,5,236.98686360000283,237.00472830000217,237.00472830000217,0.011721199989551678,238.107499500009,[np.float64(-0.1)],[np.float64(0.3383333333333333)],[1],[0],[0],[1.1205297999840695],['Target'],003,001,2025-09-18_11h04.08.054,Visual Search,,2025.1.1,59.89666626548843,2025-09-18 11h04.22.853110 +0530,
140,0,140,[np.float64(0.13833333333333334)],[np.float64(-0.095)],[1],[0],[0],[1.846520999999484],['Target'],140,0,140,0,238.13828179999837,,10,238.12693130000844,238.13828179999837,238.13828179999837,0.01926810000441037,239.97354639999685,[np.float64(0.13833333333333334)],[np.float64(-0.095)],[1],[0],[0],[1.846520999999484],['Target'],003,001,2025-09-18_11h04.08.054,Visual Search,,2025.1.1,59.89666626548843,2025-09-18 11h04.22.853110 +0530,
141,0,141,[np.float64(0.4633333333333333)],[np.float64(-0.4633333333333333)],[1],[0],[0],[1.8353582999843638],['Target'],141,0,141,0,240.00512580000213,,5,239.98810290000984,240.00512580000213,240.00512580000213,0.014358599990373477,241.82357549999142,[np.float64(0.4633333333333333)],[np.float64(-0.4633333333333333)],[1],[0],[0],[1.8353582999843638],['Target'],003,001,2025-09-18_11h04.08.054,Visual Search,,2025.1.1,59.89666626548843,2025-09-18 11h04.22.853110 +0530,
142,0,142,[np.float64(-0.44666666666666666)],[np.float64(-0.03833333333333333)],[1],[0],[0],[1.776282299979357],['Target'],142,0,142,0,241.87106599999242,,10,241.84646030000295,241.87106599999242,241.87106599999242,0.022691699996357784,243.62279829999898,[np.float64(-0.44666666666666666)],[np.float64(-0.03833333333333333)],[1],[0],[0],[1.776282299979357],['Target'],003,001,2025-09-18_11h04.08.054,Visual Search,,2025.1.1,59.89666626548843,2025-09-18 11h04.22.853110 +0530,
143,0,143,[np.float64(0.02)],[np.float64(0.345)],[1],[0],[0],[1.291645499994047],['Target'],143,0,143,0,243.65433510000003,,5,243.6340452999866,243.65433510000003,243.65433510000003,0.011125699995318428,244.92581449999125,[np.float64(0.02)],[np.float64(0.345)],[1],[0],[0],[1.291645499994047],['Target'],003,001,2025-09-18_11h04.08.054,Visual Search,,2025.1.1,59.89666626548843,2025-09-18 11h04.22.853110 +0530,
144,0,144,[np.float64(-0.12833333333333333)],[np.float64(0.3566666666666667)],[1],[0],[0],[1.0758250000071712],['Target'],144,0,144,0,244.97224440000718,,10,244.9474319999863,244.97224440000718,244.97224440000718,0.021446800004923716,246.02331990000675,[np.float64(-0.12833333333333333)],[np.float64(0.3566666666666667)],[1],[0],[0],[1.0758250000071712],['Target'],003,001,2025-09-18_11h04.08.054,Visual Search,,2025.1.1,59.89666626548843,2025-09-18 11h04.22.853110 +0530,
145,0,145,[np.float64(-0.10166666666666667)],[np.float64(0.115)],[1],[0],[0],[2.551447100006044],[None],145,0,145,0,246.0544319000037,,10,246.03974569999264,246.0544319000037,246.0544319000037,0.016296799993142486,248.5913120000041,[np.float64(-0.10166666666666667)],[np.float64(0.115)],[1],[0],[0],[2.551447100006044],[None],003,001,2025-09-18_11h04.08.054,Visual Search,,2025.1.1,59.89666626548843,2025-09-18 11h04.22.853110 +0530,
146,0,146,[np.float64(-0.041666666666666664)],[np.float64(0.26166666666666666)],[1],[0],[0],[1.1649348000064492],['Target'],146,0,146,0,248.62143589998595,,10,248.61044779999065,248.62143589998595,248.62143589998595,0.018929899990325794,249.7755300999852,[np.float64(-0.041666666666666664)],[np.float64(0.26166666666666666)],[1],[0],[0],[1.1649348000064492],['Target'],003,001,2025-09-18_11h04.08.054,Visual Search,,2025.1.1,59.89666626548843,2025-09-18 11h04.22.853110 +0530,
147,0,147,[np.float64(-0.44333333333333336)],[np.float64(-0.33666666666666667)],[1],[0],[0],[1.958343700011028],['Target'],147,0,147,0,249.82136510001146,,10,249.79949030000716,249.82136510001146,249.82136510001146,0.02368059998843819,251.75794899999164,[np.float64(-0.44333333333333336)],[np.float64(-0.33666666666666667)],[1],[0],[0],[1.958343700011028],['Target'],003,001,2025-09-18_11h04.08.054,Visual Search,,2025.1.1,59.89666626548843,2025-09-18 11h04.22.853110 +0530,
148,0,148,[np.float64(-0.04666666666666667)],[np.float64(0.29833333333333334)],[1],[0],[0],[1.420423200004734],['Target'],148,0,148,0,251.78738510000403,,5,251.77081029998953,251.78738510000403,251.78738510000403,0.012635499995667487,253.1913474999892,[np.float64(-0.04666666666666667)],[np.float64(0.29833333333333334)],[1],[0],[0],[1.420423200004734],['Target'],003,001,2025-09-18_11h04.08.054,Visual Search,,2025.1.1,59.89666626548843,2025-09-18 11h04.22.853110 +0530,
149,0,149,[np.float64(-0.021666666666666667)],[np.float64(0.10166666666666667)],[1],[0],[0],[2.002844800008461],['Target'],149,0,149,0,253.22145700000692,,5,253.20479670001077,253.22145700000692,253.22145700000692,0.013215399987529963,255.20774849998998,[np.float64(-0.021666666666666667)],[np.float64(0.10166666666666667)],[1],[0],[0],[2.002844800008461],['Target'],003,001,2025-09-18_11h04.08.054,Visual Search,,2025.1.1,59.89666626548843,2025-09-18 11h04.22.853110 +0530,
150,0,150,[np.float64(0.25833333333333336)],[np.float64(-0.015)],[1],[0],[0],[1.6176229999982752],['Target'],150,0,150,0,255.23799980001058,,5,255.22237130001304,255.23799980001058,255.23799980001058,0.014424000022700056,256.8401007000066,[np.float64(0.25833333333333336)],[np.float64(-0.015)],[1],[0],[0],[1.6176229999982752],['Target'],003,001,2025-09-18_11h04.08.054,Visual Search,,2025.1.1,59.89666626548843,2025-09-18 11h04.22.853110 +0530,
151,0,151,[np.float64(-0.18666666666666668)],[np.float64(-0.29)],[1],[0],[0],[1.1848406000062823],['Target'],151,0,151,0,256.87153969999054,,5,256.8560553000134,256.87153969999054,256.87153969999054,0.015777000022353604,258.0410148999945,[np.float64(-0.18666666666666668)],[np.float64(-0.29)],[1],[0],[0],[1.1848406000062823],['Target'],003,001,2025-09-18_11h04.08.054,Visual Search,,2025.1.1,59.89666626548843,2025-09-18 11h04.22.853110 +0530,
152,0,152,[np.float64(0.19833333333333333)],[np.float64(0.22666666666666666)],[1],[0],[0],[1.3133757000032347],['Target'],152,0,152,0,258.07189160000416,,10,258.0610863000038,258.07189160000416,258.07189160000416,0.019897400023182854,259.3745835000009,[np.float64(0.19833333333333333)],[np.float64(0.22666666666666666)],[1],[0],[0],[1.3133757000032347],['Target'],003,001,2025-09-18_11h04.08.054,Visual Search,,2025.1.1,59.89666626548843,2025-09-18 11h04.22.853110 +0530,
153,0,153,[np.float64(-0.15)],[np.float64(0.4266666666666667)],[1],[0],[0],[1.2390004000044428],['Target'],153,0,153,0,259.40494509998825,,5,259.38645009999163,259.40494509998825,259.40494509998825,0.011667899991152808,260.625549599994,[np.float64(-0.15)],[np.float64(0.4266666666666667)],[1],[0],[0],[1.2390004000044428],['Target'],003,001,2025-09-18_11h04.08.054,Visual Search,,2025.1.1,59.89666626548843,2025-09-18 11h04.22.853110 +0530,
154,0,154,[np.float64(0.18166666666666667)],[np.float64(0.21666666666666667)],[1],[0],[0],[1.8528109999897424],[None],154,0,154,0,260.6545763000031,,5,260.63738560001366,260.6545763000031,260.6545763000031,0.01166769998962991,262.4902839999995,[np.float64(0.18166666666666667)],[np.float64(0.21666666666666667)],[1],[0],[0],[1.8528109999897424],[None],003,001,2025-09-18_11h04.08.054,Visual Search,,2025.1.1,59.89666626548843,2025-09-18 11h04.22.853110 +0530,
155,0,155,[np.float64(-0.24333333333333335)],[np.float64(0.016666666666666666)],[1],[0],[0],[2.0320407999970485],['Target'],155,0,155,0,262.5204773999867,,10,262.50904730000184,262.5204773999867,262.5204773999867,0.018600599985802546,264.54120440001134,[np.float64(-0.24333333333333335)],[np.float64(0.016666666666666666)],[1],[0],[0],[2.0320407999970485],['Target'],003,001,2025-09-18_11h04.08.054,Visual Search,,2025.1.1,59.89666626548843,2025-09-18 11h04.22.853110 +0530,
156,0,156,[np.float64(-0.48333333333333334)],[np.float64(0.23833333333333334)],[1],[0],[0],[1.4353619000175968],['Target'],156,0,156,0,264.5706627999898,,5,264.55537429999094,264.5706627999898,264.5706627999898,0.013927799998782575,265.99084300000686,[np.float64(-0.48333333333333334)],[np.float64(0.23833333333333334)],[1],[0],[0],[1.4353619000175968],['Target'],003,001,2025-09-18_11h04.08.054,Visual Search,,2025.1.1,59.89666626548843,2025-09-18 11h04.22.853110 +0530,
157,0,157,[np.float64(-0.10833333333333334)],[np.float64(-0.05333333333333334)],[1],[0],[0],[1.3526651999854948],['Target'],157,0,157,0,266.02095770000597,,5,266.00284840000677,266.02095770000597,266.02095770000597,0.011846100009279326,267.35557189999963,[np.float64(-0.10833333333333334)],[np.float64(-0.05333333333333334)],[1],[0],[0],[1.3526651999854948],['Target'],003,001,2025-09-18_11h04.08.054,Visual Search,,2025.1.1,59.89666626548843,2025-09-18 11h04.22.853110 +0530,
158,0,158,[np.float64(-0.3566666666666667)],[np.float64(0.23)],[1],[0],[0],[1.1756223999836948],['Target'],158,0,158,0,267.3717356999987,,5,267.36391419998836,267.3717356999987,267.3717356999987,0.008232599997427315,268.5396605999849,[np.float64(-0.3566666666666667)],[np.float64(0.23)],[1],[0],[0],[1.1756223999836948],['Target'],003,001,2025-09-18_11h04.08.054,Visual Search,,2025.1.1,59.89666626548843,2025-09-18 11h04.22.853110 +0530,
159,0,159,[np.float64(0.44166666666666665)],[np.float64(-0.06666666666666667)],[1],[0],[0],[1.717410600016592],['Target'],159,0,159,0,268.57030200000736,,5,268.554759199993,268.57030200000736,268.57030200000736,0.014868700003717095,270.2722444999963,[np.float64(0.44166666666666665)],[np.float64(-0.06666666666666667)],[1],[0],[0],[1.717410600016592],['Target'],003,001,2025-09-18_11h04.08.054,Visual Search,,2025.1.1,59.89666626548843,2025-09-18 11h04.22.853110 +0530,
160,0,160,[np.float64(-0.20333333333333334)],[np.float64(0.20333333333333334)],[1],[0],[0],[1.7275779999908991],['Target'],160,0,160,0,270.3203102000116,,10,270.2961723000044,270.3203102000116,270.3203102000116,0.023843800008762628,272.02383739998913,[np.float64(-0.20333333333333334)],[np.float64(0.20333333333333334)],[1],[0],[0],[1.7275779999908991],['Target'],003,001,2025-09-18_11h04.08.054,Visual Search,,2025.1.1,59.89666626548843,2025-09-18 11h04.22.853110 +0530,
161,0,161,[np.float64(-0.33166666666666667)],[np.float64(-0.265)],[1],[0],[0],[2.2410578000126407],['Target'],161,0,161,0,272.0705111999996,,10,272.04940260000876,272.0705111999996,272.0705111999996,0.025374699995154515,274.2905584000109,[np.float64(-0.33166666666666667)],[np.float64(-0.265)],[1],[0],[0],[2.2410578000126407],['Target'],003,001,2025-09-18_11h04.08.054,Visual Search,,2025.1.1,59.89666626548843,2025-09-18 11h04.22.853110 +0530,
162,0,162,[np.float64(0.075)],[np.float64(-0.39666666666666667)],[1],[0],[0],[1.7336139999970328],[None],162,0,162,0,274.3204364000121,,5,274.30563640000764,274.3204364000121,274.3204364000121,0.01488270002300851,276.0393364999909,[np.float64(0.075)],[np.float64(-0.39666666666666667)],[1],[0],[0],[1.7336139999970328],[None],003,001,2025-09-18_11h04.08.054,Visual Search,,2025.1.1,59.89666626548843,2025-09-18 11h04.22.853110 +0530,
163,0,163,[np.float64(0.375)],[np.float64(0.30833333333333335)],[1],[0],[0],[1.3506263000017498],[None],163,0,163,0,276.0710030999908,,5,276.05511939999997,276.0710030999908,276.0710030999908,0.015622899984009564,277.4057770000072,[np.float64(0.375)],[np.float64(0.30833333333333335)],[1],[0],[0],[1.3506263000017498],[None],003,001,2025-09-18_11h04.08.054,Visual Search,,2025.1.1,59.89666626548843,2025-09-18 11h04.22.853110 +0530,
164,0,164,[np.float64(0.145)],[np.float64(0.38333333333333336)],[1],[0],[0],[1.0074678999953903],['Target'],164,0,164,0,277.4376467000111,,5,277.4156721000036,277.4376467000111,277.4376467000111,0.00981560000218451,278.4232636000088,[np.float64(0.145)],[np.float64(0.38333333333333336)],[1],[0],[0],[1.0074678999953903],['Target'],003,001,2025-09-18_11h04.08.054,Visual Search,,2025.1.1,59.89666626548843,2025-09-18 11h04.22.853110 +0530,
165,0,165,[np.float64(-0.25333333333333335)],[np.float64(-0.33166666666666667)],[1],[0],[0],[1.4201040999905672],['Target'],165,0,165,0,278.4545313999988,,5,278.43609500001185,278.4545313999988,278.4545313999988,0.012606599979335442,279.8562854999909,[np.float64(-0.25333333333333335)],[np.float64(-0.33166666666666667)],[1],[0],[0],[1.4201040999905672],['Target'],003,001,2025-09-18_11h04.08.054,Visual Search,,2025.1.1,59.89666626548843,2025-09-18 11h04.22.853110 +0530,
166,0,166,[np.float64(0.455)],[np.float64(0.245)],[1],[0],[0],[1.8879824000177905],['Target'],166,0,166,0,279.8875576000137,,5,279.87044840000453,279.8875576000137,279.8875576000137,0.014000900002429262,281.7585709000123,[np.float64(0.455)],[np.float64(0.245)],[1],[0],[0],[1.8879824000177905],['Target'],003,001,2025-09-18_11h04.08.054,Visual Search,,2025.1.1,59.89666626548843,2025-09-18 11h04.22.853110 +0530,
167,0,167,[np.float64(-0.29)],[np.float64(0.09666666666666666)],[1],[0],[0],[1.800997999991523],['Target'],167,0,167,0,281.7871165999968,,5,281.7732660000038,281.7871165999968,281.7871165999968,0.014443799998844042,283.57435370000894,[np.float64(-0.29)],[np.float64(0.09666666666666666)],[1],[0],[0],[1.800997999991523],['Target'],003,001,2025-09-18_11h04.08.054,Visual Search,,2025.1.1,59.89666626548843,2025-09-18 11h04.22.853110 +0530,
168,0,168,[np.float64(-0.39166666666666666)],[np.float64(-0.325)],[1],[0],[0],[1.6429592000204138],['Target'],168,0,168,0,283.6207376999955,,10,283.5968240000075,283.6207376999955,283.6207376999955,0.022294299997156486,285.23986480000895,[np.float64(-0.39166666666666666)],[np.float64(-0.325)],[1],[0],[0],[1.6429592000204138],['Target'],003,001,2025-09-18_11h04.08.054,Visual Search,,2025.1.1,59.89666626548843,2025-09-18 11h04.22.853110 +0530,
169,0,169,[np.float64(-0.47333333333333333)],[np.float64(-0.11833333333333333)],[1],[0],[0],[2.6146226999990176],['Target'],169,0,169,0,285.2702305999992,,10,285.2576831000042,285.2702305999992,285.2702305999992,0.017643300001509488,287.8723661999975,[np.float64(-0.47333333333333333)],[np.float64(-0.11833333333333333)],[1],[0],[0],[2.6146226999990176],['Target'],003,001,2025-09-18_11h04.08.054,Visual Search,,2025.1.1,59.89666626548843,2025-09-18 11h04.22.853110 +0530,
170,0,170,[np.float64(0.44166666666666665)],[np.float64(-0.355)],[1],[0],[0],[2.062914100009948],['Target'],170,0,170,0,287.9204008000088,,10,287.89409700001124,287.9204008000088,287.9204008000088,0.02159570000367239,289.95710739999777,[np.float64(0.44166666666666665)],[np.float64(-0.355)],[1],[0],[0],[2.062914100009948],['Target'],003,001,2025-09-18_11h04.08.054,Visual Search,,2025.1.1,59.89666626548843,2025-09-18 11h04.22.853110 +0530,
171,0,171,[np.float64(-0.46)],[np.float64(0.26166666666666666)],[1],[0],[0],[1.8203285000054166],[None],171,0,171,0,290.00417050000397,,10,289.9869112999877,290.00417050000397,290.00417050000397,0.02963969999109395,291.80732019999414,[np.float64(-0.46)],[np.float64(0.26166666666666666)],[1],[0],[0],[1.8203285000054166],[None],003,001,2025-09-18_11h04.08.054,Visual Search,,2025.1.1,59.89666626548843,2025-09-18 11h04.22.853110 +0530,
172,0,172,[np.float64(-0.18166666666666667)],[np.float64(0.175)],[1],[0],[0],[1.3975210000062361],['Target'],172,0,172,0,291.8373078999866,,10,291.8260241000098,291.8373078999866,291.8373078999866,0.018511800008127466,293.22364599999855,[np.float64(-0.18166666666666667)],[np.float64(0.175)],[1],[0],[0],[1.3975210000062361],['Target'],003,001,2025-09-18_11h04.08.054,Visual Search,,2025.1.1,59.89666626548843,2025-09-18 11h04.22.853110 +0530,
173,0,173,[np.float64(-0.145)],[np.float64(0.46)],[1],[0],[0],[0.9877870999916922],['Target'],173,0,173,0,293.25380700000096,,5,293.2349921000132,293.25380700000096,293.25380700000096,0.011159999994561076,294.22284289999516,[np.float64(-0.145)],[np.float64(0.46)],[1],[0],[0],[0.9877870999916922],['Target'],003,001,2025-09-18_11h04.08.054,Visual Search,,2025.1.1,59.89666626548843,2025-09-18 11h04.22.853110 +0530,
174,0,174,[np.float64(-0.11666666666666667)],[np.float64(0.19666666666666666)],[1],[0],[0],[1.0619140999915544],[None],174,0,174,0,294.25323390000267,,10,294.24471540001105,294.25323390000267,294.25323390000267,0.02175440001883544,295.3067195999902,[np.float64(-0.11666666666666667)],[np.float64(0.19666666666666666)],[1],[0],[0],[1.0619140999915544],[None],003,001,2025-09-18_11h04.08.054,Visual Search,,2025.1.1,59.89666626548843,2025-09-18 11h04.22.853110 +0530,
175,0,175,[np.float64(0.3933333333333333)],[np.float64(-0.27)],[1],[0],[0],[1.930835200008005],['Target'],175,0,175,0,295.3372740999912,,10,295.32525069999974,295.3372740999912,295.3372740999912,0.018225699983304366,297.2561788999883,[np.float64(0.3933333333333333)],[np.float64(-0.27)],[1],[0],[0],[1.930835200008005],['Target'],003,001,2025-09-18_11h04.08.054,Visual Search,,2025.1.1,59.89666626548843,2025-09-18 11h04.22.853110 +0530,
176,0,176,[np.float64(0.335)],[np.float64(-0.31)],[1],[0],[0],[0.989772200002335],[None],176,0,176,0,297.2874332999927,,5,297.2673336000007,297.2874332999927,297.2874332999927,0.010966300003929064,298.25722070000484,[np.float64(0.335)],[np.float64(-0.31)],[1],[0],[0],[0.989772200002335],[None],003,001,2025-09-18_11h04.08.054,Visual Search,,2025.1.1,59.89666626548843,2025-09-18 11h04.22.853110 +0530,
177,0,177,[np.float64(-0.16833333333333333)],[np.float64(0.3616666666666667)],[1],[0],[0],[1.1549809999996796],['Target'],177,0,177,0,298.28790840000147,,5,298.2697801000031,298.28790840000147,298.28790840000147,0.01236100000096485,299.42488330000197,[np.float64(-0.16833333333333333)],[np.float64(0.3616666666666667)],[1],[0],[0],[1.1549809999996796],['Target'],003,001,2025-09-18_11h04.08.054,Visual Search,,2025.1.1,59.89666626548843,2025-09-18 11h04.22.853110 +0530,
178,0,178,[np.float64(0.24166666666666667)],[np.float64(-0.10833333333333334)],[1],[0],[0],[1.9599372999800835],['Target'],178,0,178,0,299.47033969999757,,10,299.4472962,299.47033969999757,299.47033969999757,0.02222990000154823,301.40734219999285,[np.float64(0.24166666666666667)],[np.float64(-0.10833333333333334)],[1],[0],[0],[1.9599372999800835],['Target'],003,001,2025-09-18_11h04.08.054,Visual Search,,2025.1.1,59.89666626548843,2025-09-18 11h04.22.853110 +0530,
179,0,179,[np.float64(0.5116666666666667)],[np.float64(0.3983333333333333)],[1],[0],[0],[7.478663400019286],['Target'],179,0,179,0,301.4371630999958,,10,301.4264766999986,301.4371630999958,301.4371630999958,0.018916399974841624,308.90519920000224,[np.float64(0.5116666666666667)],[np.float64(0.3983333333333333)],[1],[0],[0],[7.478663400019286],['Target'],003,001,2025-09-18_11h04.08.054,Visual Search,,2025.1.1,59.89666626548843,2025-09-18 11h04.22.853110 +0530,
180,0,180,[np.float64(0.36333333333333334)],[np.float64(0.08666666666666667)],[1],[0],[0],[1.1903372000087984],['Target'],180,0,180,0,308.93646239998634,,5,308.9164815999975,308.93646239998634,308.93646239998634,0.011152300023240969,310.10693199999514,[np.float64(0.36333333333333334)],[np.float64(0.08666666666666667)],[1],[0],[0],[1.1903372000087984],['Target'],003,001,2025-09-18_11h04.08.054,Visual Search,,2025.1.1,59.89666626548843,2025-09-18 11h04.22.853110 +0530,
181,0,181,[np.float64(-0.205)],[np.float64(0.23833333333333334)],[1],[0],[0],[1.345927100017434],['Target'],181,0,181,0,310.13700970000355,,10,310.12715139999636,310.13700970000355,310.13700970000355,0.02003419998800382,311.47316870000213,[np.float64(-0.205)],[np.float64(0.23833333333333334)],[1],[0],[0],[1.345927100017434],['Target'],003,001,2025-09-18_11h04.08.054,Visual Search,,2025.1.1,59.89666626548843,2025-09-18 11h04.22.853110 +0530,
182,0,182,[np.float64(0.225)],[np.float64(0.2)],[1],[0],[0],[1.3314952999935485],['Target'],182,0,182,0,311.50306469999487,,10,311.491200199991,311.50306469999487,311.50306469999487,0.017833399993833154,312.8228092000063,[np.float64(0.225)],[np.float64(0.2)],[1],[0],[0],[1.3314952999935485],['Target'],003,001,2025-09-18_11h04.08.054,Visual Search,,2025.1.1,59.89666626548843,2025-09-18 11h04.22.853110 +0530,
183,0,183,[np.float64(-0.04666666666666667)],[np.float64(0.17333333333333334)],[1],[0],[0],[3.0300915999978315],['Target'],183,0,183,0,312.85279209999135,,10,312.84284850000404,312.85279209999135,312.85279209999135,0.019801300019025803,315.87304030000814,[np.float64(-0.04666666666666667)],[np.float64(0.17333333333333334)],[1],[0],[0],[3.0300915999978315],['Target'],003,001,2025-09-18_11h04.08.054,Visual Search,,2025.1.1,59.89666626548843,2025-09-18 11h04.22.853110 +0530,
184,0,184,[np.float64(0.2733333333333333)],[np.float64(-0.175)],[1],[0],[0],[2.373038199992152],[None],184,0,184,0,315.90391180000734,,5,315.8858223000134,315.90391180000734,315.90391180000734,0.012586900003952906,318.2589594000019,[np.float64(0.2733333333333333)],[np.float64(-0.175)],[1],[0],[0],[2.373038199992152],[None],003,001,2025-09-18_11h04.08.054,Visual Search,,2025.1.1,59.89666626548843,2025-09-18 11h04.22.853110 +0530,
185,0,185,[np.float64(-0.33166666666666667)],[np.float64(0.09333333333333334)],[1],[0],[0],[1.2313443000020925],['Target'],185,0,185,0,318.28642489999766,,5,318.2731297999853,318.28642489999766,318.28642489999766,0.01398769998922944,319.5045312999864,[np.float64(-0.33166666666666667)],[np.float64(0.09333333333333334)],[1],[0],[0],[1.2313443000020925],['Target'],003,001,2025-09-18_11h04.08.054,Visual Search,,2025.1.1,59.89666626548843,2025-09-18 11h04.22.853110 +0530,
186,0,186,[np.float64(0.42)],[np.float64(0.11666666666666667)],[1],[0],[0],[2.6600369999941904],['Target'],186,0,186,0,319.5203649000032,,5,319.5127993999922,319.5203649000032,319.5203649000032,0.008160199999110773,322.17293719999725,[np.float64(0.42)],[np.float64(0.11666666666666667)],[1],[0],[0],[2.6600369999941904],['Target'],003,001,2025-09-18_11h04.08.054,Visual Search,,2025.1.1,59.89666626548843,2025-09-18 11h04.22.853110 +0530,
187,0,187,[np.float64(0.38666666666666666)],[np.float64(0.18)],[1],[0],[0],[0.9938635000144131],['Target'],187,0,187,0,322.20350340000005,,10,322.1929022000113,322.20350340000005,322.20350340000005,0.019798399996943772,323.18683059999603,[np.float64(0.38666666666666666)],[np.float64(0.18)],[1],[0],[0],[0.9938635000144131],['Target'],003,001,2025-09-18_11h04.08.054,Visual Search,,2025.1.1,59.89666626548843,2025-09-18 11h04.22.853110 +0530,
188,0,188,[np.float64(-0.18333333333333332)],[np.float64(-0.39)],[1],[0],[0],[1.5106633999967016],['Target'],188,0,188,0,323.20286230000784,,5,323.19560629999614,323.20286230000784,323.20286230000784,0.008566800010157749,324.70640940000885,[np.float64(-0.18333333333333332)],[np.float64(-0.39)],[1],[0],[0],[1.5106633999967016],['Target'],003,001,2025-09-18_11h04.08.054,Visual Search,,2025.1.1,59.89666626548843,2025-09-18 11h04.22.853110 +0530,
189,0,189,[np.float64(0.3)],[np.float64(-0.45166666666666666)],[1],[0],[0],[3.1948476000106893],[None],189,0,189,0,324.7367819999927,,10,324.72596630000044,324.7367819999927,324.7367819999927,0.019353299983777106,327.92086579999886,[np.float64(0.3)],[np.float64(-0.45166666666666666)],[1],[0],[0],[3.1948476000106893],[None],003,001,2025-09-18_11h04.08.054,Visual Search,,2025.1.1,59.89666626548843,2025-09-18 11h04.22.853110 +0530,
190,0,190,[np.float64(-0.19833333333333333)],[np.float64(-0.09166666666666666)],[1],[0],[0],[2.1279118999955244],['Target'],190,0,190,0,327.9366459999874,,5,327.92880900000455,327.9366459999874,327.9366459999874,0.007848600012948737,330.05684070001007,[np.float64(-0.19833333333333333)],[np.float64(-0.09166666666666666)],[1],[0],[0],[2.1279118999955244],['Target'],003,001,2025-09-18_11h04.08.054,Visual Search,,2025.1.1,59.89666626548843,2025-09-18 11h04.22.853110 +0530,
191,0,191,[np.float64(-0.15166666666666667)],[np.float64(-0.36666666666666664)],[1],[0],[0],[3.134620500000892],['Target'],191,0,191,0,330.08668849998503,,5,330.0714600000065,330.08668849998503,330.08668849998503,0.014423600019654259,333.206165599986,[np.float64(-0.15166666666666667)],[np.float64(-0.36666666666666664)],[1],[0],[0],[3.134620500000892],['Target'],003,001,2025-09-18_11h04.08.054,Visual Search,,2025.1.1,59.89666626548843,2025-09-18 11h04.22.853110 +0530,
192,0,192,[np.float64(-0.4166666666666667)],[np.float64(-0.07)],[1],[0],[0],[1.2897232999966945],['Target'],192,0,192,0,333.23643739998806,,5,333.2167511000007,333.23643739998806,333.23643739998806,0.010451400012243539,334.5065756000113,[np.float64(-0.4166666666666667)],[np.float64(-0.07)],[1],[0],[0],[1.2897232999966945],['Target'],003,001,2025-09-18_11h04.08.054,Visual Search,,2025.1.1,59.89666626548843,2025-09-18 11h04.22.853110 +0530,
193,0,193,[np.float64(-0.3566666666666667)],[np.float64(0.11333333333333333)],[1],[0],[0],[1.0475470999954268],['Target'],193,0,193,0,334.53624350001337,,10,334.5263130000094,334.53624350001337,334.53624350001337,0.019555000006221235,335.5739872000122,[np.float64(-0.3566666666666667)],[np.float64(0.11333333333333333)],[1],[0],[0],[1.0475470999954268],['Target'],003,001,2025-09-18_11h04.08.054,Visual Search,,2025.1.1,59.89666626548843,2025-09-18 11h04.22.853110 +0530,
194,0,194,[np.float64(0.5066666666666667)],[np.float64(-0.13666666666666666)],[1],[0],[0],[1.518725900008576],['Target'],194,0,194,0,335.60305760000483,,5,335.5883649000025,335.60305760000483,335.60305760000483,0.014172199997119606,337.1072137999872,[np.float64(0.5066666666666667)],[np.float64(-0.13666666666666666)],[1],[0],[0],[1.518725900008576],['Target'],003,001,2025-09-18_11h04.08.054,Visual Search,,2025.1.1,59.89666626548843,2025-09-18 11h04.22.853110 +0530,
195,0,195,[np.float64(-0.29833333333333334)],[np.float64(0.06)],[1],[0],[0],[1.8342716000042856],['Target'],195,0,195,0,337.13735249999445,,5,337.1214435999864,337.13735249999445,337.13735249999445,0.014060899993637577,338.9558056000096,[np.float64(-0.29833333333333334)],[np.float64(0.06)],[1],[0],[0],[1.8342716000042856],['Target'],003,001,2025-09-18_11h04.08.054,Visual Search,,2025.1.1,59.89666626548843,2025-09-18 11h04.22.853110 +0530,
196,0,196,[np.float64(-0.06)],[np.float64(0.4766666666666667)],[1],[0],[0],[2.8408149000024423],['Target'],196,0,196,0,338.98659469999257,,5,338.9668163000024,338.98659469999257,338.98659469999257,0.010838899994269013,341.8077462000074,[np.float64(-0.06)],[np.float64(0.4766666666666667)],[1],[0],[0],[2.8408149000024423],['Target'],003,001,2025-09-18_11h04.08.054,Visual Search,,2025.1.1,59.89666626548843,2025-09-18 11h04.22.853110 +0530,
197,0,197,[np.float64(0.31833333333333336)],[np.float64(0.025)],[1],[0],[0],[1.6989987999841105],['Target'],197,0,197,0,341.8372158000129,,5,341.8221060000069,341.8372158000129,341.8372158000129,0.014181599981384352,343.5211585999932,[np.float64(0.31833333333333336)],[np.float64(0.025)],[1],[0],[0],[1.6989987999841105],['Target'],003,001,2025-09-18_11h04.08.054,Visual Search,,2025.1.1,59.89666626548843,2025-09-18 11h04.22.853110 +0530,
198,0,198,[np.float64(-0.115)],[np.float64(-0.13333333333333333)],[1],[0],[0],[2.237848100019619],[None],198,0,198,0,343.5531420999905,,10,343.53724430000875,343.5531420999905,343.5531420999905,0.015994599991245195,345.7752140999946,[np.float64(-0.115)],[np.float64(-0.13333333333333333)],[1],[0],[0],[2.237848100019619],[None],003,001,2025-09-18_11h04.08.054,Visual Search,,2025.1.1,59.89666626548843,2025-09-18 11h04.22.853110 +0530,
199,0,199,[np.float64(0.2866666666666667)],[np.float64(0.3616666666666667)],[1],[0],[0],[1.8103809999884106],['Target'],199,0,199,0,345.8195210999984,,10,345.7954902999918,345.8195210999984,345.8195210999984,0.02003559999866411,347.60597309999866,[np.float64(0.2866666666666667)],[np.float64(0.3616666666666667)],[1],[0],[0],[1.8103809999884106],['Target'],003,001,2025-09-18_11h04.08.054,Visual Search,,2025.1.1,59.89666626548843,2025-09-18 11h04.22.853110 +0530,
