stair.thisTrialN,stair.stepSize,stair.intensity,thisRow.t,notes,trial.started,polygon.started,grating.started,key_resp.started,polygon.stopped,grating.stopped,trial.stopped,corrAns,tilt,key_resp.corr,stair.response,key_resp.rt,participant,session,date,expName,expVersion,psychopyVersion,frameRate,expStart
0,2,10,0.0189695,,0.0065884,0.0189695,0.4974017,0.4974017,0.5203653,0.7982458,4.5842737,right,10,1,1,4.0214375,273431,1,2025-09-03_22h07.49.385,adaptive staircase,,2025.1.1,89.64581836,2025-09-03 22h07.50.344350 +0530
1,2,8,4.5959422,,4.5844094,4.5959422,5.086723,5.086723,5.0980822,5.386024,5.7099565,left,-8,1,1,0.6205857,273431,1,2025-09-03_22h07.49.385,adaptive staircase,,2025.1.1,89.64581836,2025-09-03 22h07.50.344350 +0530
2,2,6,5.7200421,,5.7102598,5.7200421,6.2091981,6.2091981,6.2194866,6.5090872,6.6654154,left,-6,1,1,0.4530482,273431,1,2025-09-03_22h07.49.385,adaptive staircase,,2025.1.1,89.64581836,2025-09-03 22h07.50.344350 +0530
3,2,4,6.6751703,,6.6656547,6.6751703,7.1645094,7.1645094,7.1760753,7.4636767,7.6207044,right,4,1,1,0.4471852,273431,1,2025-09-03_22h07.49.385,adaptive staircase,,2025.1.1,89.64581836,2025-09-03 22h07.50.344350 +0530
4,1,2,7.6303215,,7.6209952,7.6303215,8.1197603,8.1197603,8.1315379,8.4193641,8.8320845,left,-2,0,0,0.707374,273431,1,2025-09-03_22h07.49.385,adaptive staircase,,2025.1.1,89.64581836,2025-09-03 22h07.50.344350 +0530
5,1,3,8.8418244,,8.8323325,8.8418244,9.3297395,9.3297395,9.3411066,9.6310998,9.8242826,right,3,1,1,0.4883431,273431,1,2025-09-03_22h07.49.385,adaptive staircase,,2025.1.1,89.64581836,2025-09-03 22h07.50.344350 +0530
6,1,3,9.8310652,,9.8245255,9.8310652,10.3189669,10.3189669,10.330228,10.6189357,10.7526139,right,3,1,1,0.428513,273431,1,2025-09-03_22h07.49.385,adaptive staircase,,2025.1.1,89.64581836,2025-09-03 22h07.50.344350 +0530
7,1,3,10.7632603,,10.7528545,10.7632603,11.2531019,11.2531019,11.2645694,11.5548747,11.7221209,left,-3,1,1,0.460604,273431,1,2025-09-03_22h07.49.385,adaptive staircase,,2025.1.1,89.64581836,2025-09-03 22h07.50.344350 +0530
8,1,2,11.7326004,,11.7224224,11.7326004,12.2219317,12.2219317,12.2331693,12.5217852,12.6220546,left,-2,1,1,0.3935134,273431,1,2025-09-03_22h07.49.385,adaptive staircase,,2025.1.1,89.64581836,2025-09-03 22h07.50.344350 +0530
9,1,2,12.6332509,,12.6223202,12.6332509,13.1211086,13.1211086,13.1337822,13.4219898,13.577164,right,2,1,1,0.4530452,273431,1,2025-09-03_22h07.49.385,adaptive staircase,,2025.1.1,89.64581836,2025-09-03 22h07.50.344350 +0530
10,1,2,13.5877216,,13.5774227,13.5877216,14.0767425,14.0767425,14.0882043,14.3775968,14.5109067,left,-2,1,1,0.4334177,273431,1,2025-09-03_22h07.49.385,adaptive staircase,,2025.1.1,89.64581836,2025-09-03 22h07.50.344350 +0530
11,0.5,1,14.5207825,,14.5112306,14.5207825,15.0098019,15.0098019,15.0215543,15.3092645,15.3766486,left,-1,0,0,0.3618509,273431,1,2025-09-03_22h07.49.385,adaptive staircase,,2025.1.1,89.64581836,2025-09-03 22h07.50.344350 +0530
12,0.5,1.5,15.3875673,,15.3768992,15.3875673,15.876429,15.876429,15.8875132,16.1769714,16.3441129,left,-1.5,1,1,0.4638883,273431,1,2025-09-03_22h07.49.385,adaptive staircase,,2025.1.1,89.64581836,2025-09-03 22h07.50.344350 +0530
13,0.5,1.5,16.3540617,,16.3443703,16.3540617,16.843438,16.843438,16.8539303,17.1435303,17.3335174,right,1.5,1,1,0.4797226,273431,1,2025-09-03_22h07.49.385,adaptive staircase,,2025.1.1,89.64581836,2025-09-03 22h07.50.344350 +0530
14,0.5,1.5,17.3429629,,17.3337566,17.3429629,17.83076,17.83076,17.8424522,18.1310498,18.2430346,right,1.5,1,1,0.4056264,273431,1,2025-09-03_22h07.49.385,adaptive staircase,,2025.1.1,89.64581836,2025-09-03 22h07.50.344350 +0530
15,0.5,1,18.2526701,,18.2433246,18.2526701,18.7420604,18.7420604,18.7533829,19.0421001,19.1872549,right,1,1,1,0.4420796,273431,1,2025-09-03_22h07.49.385,adaptive staircase,,2025.1.1,89.64581836,2025-09-03 22h07.50.344350 +0530
16,0.5,1,19.1967403,,19.1875071,19.1967403,19.6867922,19.6867922,19.6980778,19.9868366,20.1430468,left,-1,0,0,0.4530569,273431,1,2025-09-03_22h07.49.385,adaptive staircase,,2025.1.1,89.64581836,2025-09-03 22h07.50.344350 +0530
17,0.5,1.5,20.1527989,,20.1433512,20.1527989,20.6421161,20.6421161,20.6534526,20.9422841,21.2421721,right,1.5,1,1,0.5992507,273431,1,2025-09-03_22h07.49.385,adaptive staircase,,2025.1.1,89.64581836,2025-09-03 22h07.50.344350 +0530
18,0.5,1.5,21.2530665,,21.2424397,21.2530665,21.7417959,21.7417959,21.7532245,22.0421916,22.2203559,right,1.5,0,0,0.4724455,273431,1,2025-09-03_22h07.49.385,adaptive staircase,,2025.1.1,89.64581836,2025-09-03 22h07.50.344350 +0530
19,0.5,2,22.2307993,,22.2206081,22.2307993,22.7201786,22.7201786,22.7311695,23.0201369,23.1874148,right,2,1,1,0.457839,273431,1,2025-09-03_22h07.49.385,adaptive staircase,,2025.1.1,89.64581836,2025-09-03 22h07.50.344350 +0530
20,0.5,2,23.1972265,,23.1876854,23.1972265,23.6868108,23.6868108,23.6968285,23.9852664,24.1539432,right,2,1,1,0.4621092,273431,1,2025-09-03_22h07.49.385,adaptive staircase,,2025.1.1,89.64581836,2025-09-03 22h07.50.344350 +0530
21,0.5,2,24.1638482,,24.1542186,24.1638482,24.6532827,24.6532827,24.6643456,24.95298,25.0751634,left,-2,1,1,0.4169352,273431,1,2025-09-03_22h07.49.385,adaptive staircase,,2025.1.1,89.64581836,2025-09-03 22h07.50.344350 +0530
22,0.5,1.5,25.0862928,,25.0754125,25.0862928,25.5753985,25.5753985,25.5864987,25.8752009,26.1985508,right,1.5,1,1,0.6180324,273431,1,2025-09-03_22h07.49.385,adaptive staircase,,2025.1.1,89.64581836,2025-09-03 22h07.50.344350 +0530
23,0.5,1.5,26.2084586,,26.1987945,26.2084586,26.6972625,26.6972625,26.7091093,26.9980288,27.2090669,left,-1.5,1,1,0.5072552,273431,1,2025-09-03_22h07.49.385,adaptive staircase,,2025.1.1,89.64581836,2025-09-03 22h07.50.344350 +0530
24,0.5,1.5,27.2203428,,27.2093251,27.2203428,27.7085319,27.7085319,27.7201391,28.0086219,28.2314608,left,-1.5,1,1,0.5139377,273431,1,2025-09-03_22h07.49.385,adaptive staircase,,2025.1.1,89.64581836,2025-09-03 22h07.50.344350 +0530
25,0.5,1,28.2415016,,28.2317239,28.2415016,28.7309957,28.7309957,28.7423417,29.0310993,29.3871106,right,1,1,1,0.647612,273431,1,2025-09-03_22h07.49.385,adaptive staircase,,2025.1.1,89.64581836,2025-09-03 22h07.50.344350 +0530
26,0.5,1,29.3971507,,29.3873581,29.3971507,29.8866943,29.8866943,29.8981406,30.1869523,30.4749035,right,1,1,1,0.5790406,273431,1,2025-09-03_22h07.49.385,adaptive staircase,,2025.1.1,89.64581836,2025-09-03 22h07.50.344350 +0530
27,0.5,1,30.485579,,30.4751289,30.485579,30.9747485,30.9747485,30.9856529,31.2742873,31.4634155,left,-1,1,1,0.480967,273431,1,2025-09-03_22h07.49.385,adaptive staircase,,2025.1.1,89.64581836,2025-09-03 22h07.50.344350 +0530
28,0.5,1,31.4741725,,31.4636166,31.4741725,31.9632714,31.9632714,31.9742451,32.263292,32.3745589,right,1,1,1,0.4089063,273431,1,2025-09-03_22h07.49.385,adaptive staircase,,2025.1.1,89.64581836,2025-09-03 22h07.50.344350 +0530
29,0.5,1,32.385301,,32.3747126,32.385301,32.8745823,32.8745823,32.8856746,33.1739675,33.2748894,right,1,1,1,0.3914732,273431,1,2025-09-03_22h07.49.385,adaptive staircase,,2025.1.1,89.64581836,2025-09-03 22h07.50.344350 +0530
30,0.5,1,33.285276,,33.2751183,33.285276,33.7749393,33.7749393,33.7865409,34.0741998,34.419271,left,-1,1,1,0.6348224,273431,1,2025-09-03_22h07.49.385,adaptive staircase,,2025.1.1,89.64581836,2025-09-03 22h07.50.344350 +0530
31,0.5,1,34.4302285,,34.4195305,34.4302285,34.9190933,34.9190933,34.9301734,35.2184504,35.3518287,right,1,1,1,0.4224006,273431,1,2025-09-03_22h07.49.385,adaptive staircase,,2025.1.1,89.64581836,2025-09-03 22h07.50.344350 +0530
32,0.5,1,35.3630307,,35.3519721,35.3630307,35.8532967,35.8532967,35.8646579,36.1536796,36.3209736,left,-1,1,1,0.4615609,273431,1,2025-09-03_22h07.49.385,adaptive staircase,,2025.1.1,89.64581836,2025-09-03 22h07.50.344350 +0530
33,0.5,1,36.3323067,,36.3212059,36.3323067,36.8185722,36.8185722,36.8297451,37.1186246,37.3746189,left,-1,1,1,0.5468752,273431,1,2025-09-03_22h07.49.385,adaptive staircase,,2025.1.1,89.64581836,2025-09-03 22h07.50.344350 +0530
34,0.5,1,37.3847876,,37.3748024,37.3847876,37.8759681,37.8759681,37.8893708,38.1753599,38.6890804,right,1,1,1,0.8062046,273431,1,2025-09-03_22h07.49.385,adaptive staircase,,2025.1.1,89.64581836,2025-09-03 22h07.50.344350 +0530
35,0.5,1,38.6983049,,38.6893666,38.6983049,39.1884327,39.1884327,39.1989734,39.488577,39.6888859,left,-1,0,0,0.4884374,273431,1,2025-09-03_22h07.49.385,adaptive staircase,,2025.1.1,89.64581836,2025-09-03 22h07.50.344350 +0530
36,0.5,1.5,39.698478,,39.6891343,39.698478,40.1886805,40.1886805,40.1985661,40.4875882,40.689919,right,1.5,1,1,0.4944998,273431,1,2025-09-03_22h07.49.385,adaptive staircase,,2025.1.1,89.64581836,2025-09-03 22h07.50.344350 +0530
37,0.5,1.5,40.6980116,,40.6901798,40.6980116,41.18825,41.18825,41.1983555,41.4890611,41.5773598,left,-1.5,1,1,0.380997,273431,1,2025-09-03_22h07.49.385,adaptive staircase,,2025.1.1,89.64581836,2025-09-03 22h07.50.344350 +0530
38,0.5,1.5,41.5886225,,41.5776434,41.5886225,42.0764591,42.0764591,42.0880718,42.3766471,42.5666839,right,1.5,1,1,0.4877176,273431,1,2025-09-03_22h07.49.385,adaptive staircase,,2025.1.1,89.64581836,2025-09-03 22h07.50.344350 +0530
39,0.5,1,42.5760081,,42.5669773,42.5760081,43.0649505,43.0649505,43.0767442,43.36435,43.5226844,left,-1,1,1,0.4530724,273431,1,2025-09-03_22h07.49.385,adaptive staircase,,2025.1.1,89.64581836,2025-09-03 22h07.50.344350 +0530
40,0.5,1,43.5312921,,43.5229645,43.5312921,44.0199268,44.0199268,44.031084,44.319985,44.4421382,right,1,1,1,0.4167743,273431,1,2025-09-03_22h07.49.385,adaptive staircase,,2025.1.1,89.64581836,2025-09-03 22h07.50.344350 +0530
41,0.5,1,44.4528444,,44.4423797,44.4528444,44.9411632,44.9411632,44.9523454,45.2420273,45.3092213,left,-1,1,1,0.3654503,273431,1,2025-09-03_22h07.49.385,adaptive staircase,,2025.1.1,89.64581836,2025-09-03 22h07.50.344350 +0530
42,0.5,1,45.318892,,45.3094647,45.318892,45.8081856,45.8081856,45.8199502,46.1084911,46.2532402,right,1,1,1,0.436833,273431,1,2025-09-03_22h07.49.385,adaptive staircase,,2025.1.1,89.64581836,2025-09-03 22h07.50.344350 +0530
43,0.5,1,46.2639753,,46.2534933,46.2639753,46.7523587,46.7523587,46.7641021,47.0528074,47.1646647,right,1,1,1,0.4110477,273431,1,2025-09-03_22h07.49.385,adaptive staircase,,2025.1.1,89.64581836,2025-09-03 22h07.50.344350 +0530
44,0.5,1,47.1745374,,47.1649475,47.1745374,47.6642669,47.6642669,47.6751017,47.9640533,48.2191203,left,-1,0,0,0.5465144,273431,1,2025-09-03_22h07.49.385,adaptive staircase,,2025.1.1,89.64581836,2025-09-03 22h07.50.344350 +0530
45,0.5,1.5,48.2299286,,48.2193824,48.2299286,48.719671,48.719671,48.7308731,49.0184939,49.1977107,right,1.5,1,1,0.4724843,273431,1,2025-09-03_22h07.49.385,adaptive staircase,,2025.1.1,89.64581836,2025-09-03 22h07.50.344350 +0530
46,0.5,1.5,49.2078196,,49.1979702,49.2078196,49.6974581,49.6974581,49.7081032,49.9974109,50.0309816,left,-1.5,0,0,0.3320341,273431,1,2025-09-03_22h07.49.385,adaptive staircase,,2025.1.1,89.64581836,2025-09-03 22h07.50.344350 +0530
47,0.5,2,50.0414844,,50.0313066,50.0414844,50.5309536,50.5309536,50.5417166,50.8304625,51.0744813,left,-2,1,1,0.5349892,273431,1,2025-09-03_22h07.49.385,adaptive staircase,,2025.1.1,89.64581836,2025-09-03 22h07.50.344350 +0530
48,0.5,2,51.0851421,,51.0746898,51.0851421,51.5746052,51.5746052,51.5851845,51.8751189,52.0533174,left,-2,0,0,0.4698922,273431,1,2025-09-03_22h07.49.385,adaptive staircase,,2025.1.1,89.64581836,2025-09-03 22h07.50.344350 +0530
49,0.5,2.5,52.0634378,,52.0537341,52.0634378,52.5526612,52.5526612,52.5640696,52.8532159,53.0536401,right,2.5,1,1,0.4913109,273431,1,2025-09-03_22h07.49.385,adaptive staircase,,2025.1.1,89.64581836,2025-09-03 22h07.50.344350 +0530
50,0.5,2.5,53.0634436,,53.05401,53.0634436,53.552665,53.552665,53.5640863,53.8527976,53.9089167,right,2.5,0,0,0.3528593,273431,1,2025-09-03_22h07.49.385,adaptive staircase,,2025.1.1,89.64581836,2025-09-03 22h07.50.344350 +0530
51,0.5,3,53.9194674,,53.9091555,53.9194674,54.4084664,54.4084664,54.419262,54.7083951,54.8978545,right,3,1,1,0.4884086,273431,1,2025-09-03_22h07.49.385,adaptive staircase,,2025.1.1,89.64581836,2025-09-03 22h07.50.344350 +0530
52,0.5,3,54.9082306,,54.8981551,54.9082306,55.3969081,55.3969081,55.4083789,55.6960238,55.8307183,right,3,1,1,0.4259283,273431,1,2025-09-03_22h07.49.385,adaptive staircase,,2025.1.1,89.64581836,2025-09-03 22h07.50.344350 +0530
53,0.5,3,55.8416606,,55.8310481,55.8416606,56.3302168,56.3302168,56.3418447,56.6305766,56.7853255,left,-3,1,1,0.4464073,273431,1,2025-09-03_22h07.49.385,adaptive staircase,,2025.1.1,89.64581836,2025-09-03 22h07.50.344350 +0530
54,0.5,2.5,56.7962347,,56.7855432,56.7962347,57.285327,57.285327,57.2969083,57.585942,57.7644249,left,-2.5,1,1,0.4674851,273431,1,2025-09-03_22h07.49.385,adaptive staircase,,2025.1.1,89.64581836,2025-09-03 22h07.50.344350 +0530
55,0.5,2.5,57.7749668,,57.7646855,57.7749668,58.2638087,58.2638087,58.274965,58.5640593,58.7868129,left,-2.5,1,1,0.5139754,273431,1,2025-09-03_22h07.49.385,adaptive staircase,,2025.1.1,89.64581836,2025-09-03 22h07.50.344350 +0530
56,0.5,2.5,58.7968225,,58.7871299,58.7968225,59.2860593,59.2860593,59.2971555,59.5863245,59.8084792,left,-2.5,1,1,0.5141923,273431,1,2025-09-03_22h07.49.385,adaptive staircase,,2025.1.1,89.64581836,2025-09-03 22h07.50.344350 +0530
57,0.5,2,59.8188937,,59.808791,59.8188937,60.3083105,60.3083105,60.3197177,60.6082337,60.7198294,right,2,1,1,0.4082432,273431,1,2025-09-03_22h07.49.385,adaptive staircase,,2025.1.1,89.64581836,2025-09-03 22h07.50.344350 +0530
58,0.5,2,60.7297367,,60.7201028,60.7297367,61.2195593,61.2195593,61.2304606,61.5191298,61.7745944,left,-2,1,1,0.5517442,273431,1,2025-09-03_22h07.49.385,adaptive staircase,,2025.1.1,89.64581836,2025-09-03 22h07.50.344350 +0530
59,0.5,2,61.7860763,,61.7748686,61.7860763,62.2748792,62.2748792,62.2866541,62.574993,62.6759063,right,2,1,1,0.397952,273431,1,2025-09-03_22h07.49.385,adaptive staircase,,2025.1.1,89.64581836,2025-09-03 22h07.50.344350 +0530
60,0.5,1.5,62.68558,,62.6762561,62.68558,63.1749866,63.1749866,63.1862139,63.4750505,63.5743699,right,1.5,1,1,0.3903925,273431,1,2025-09-03_22h07.49.385,adaptive staircase,,2025.1.1,89.64581836,2025-09-03 22h07.50.344350 +0530
61,0.5,1.5,63.585817,,63.574635,63.585817,64.0749657,64.0749657,64.0864964,64.3747762,64.4865484,left,-1.5,1,1,0.4098936,273431,1,2025-09-03_22h07.49.385,adaptive staircase,,2025.1.1,89.64581836,2025-09-03 22h07.50.344350 +0530
62,0.5,1.5,64.4964928,,64.486814,64.4964928,64.9855935,64.9855935,64.9973312,65.2859261,65.3420186,left,-1.5,1,1,0.348351,273431,1,2025-09-03_22h07.49.385,adaptive staircase,,2025.1.1,89.64581836,2025-09-03 22h07.50.344350 +0530
63,0.5,1,65.3519855,,65.3422703,65.3519855,65.841964,65.841964,65.8527006,66.1416255,66.3215628,right,1,0,0,0.476178,273431,1,2025-09-03_22h07.49.385,adaptive staircase,,2025.1.1,89.64581836,2025-09-03 22h07.50.344350 +0530
64,0.5,1.5,66.3302918,,66.3218236,66.3302918,66.8196001,66.8196001,66.830359,67.1185247,67.3202721,left,-1.5,0,0,0.4931864,273431,1,2025-09-03_22h07.49.385,adaptive staircase,,2025.1.1,89.64581836,2025-09-03 22h07.50.344350 +0530
65,0.5,2,67.3294771,,67.3205491,67.3294771,67.8196698,67.8196698,67.8308111,68.1192407,68.3085415,right,2,1,1,0.4782821,273431,1,2025-09-03_22h07.49.385,adaptive staircase,,2025.1.1,89.64581836,2025-09-03 22h07.50.344350 +0530
66,0.5,2,68.3194319,,68.3087915,68.3194319,68.8077618,68.8077618,68.8192755,69.1081018,69.363642,left,-2,1,1,0.5462721,273431,1,2025-09-03_22h07.49.385,adaptive staircase,,2025.1.1,89.64581836,2025-09-03 22h07.50.344350 +0530
67,0.5,2,69.3741762,,69.3641024,69.3741762,69.8636954,69.8636954,69.8747286,70.1638101,70.3757021,left,-2,1,1,0.5102625,273431,1,2025-09-03_22h07.49.385,adaptive staircase,,2025.1.1,89.64581836,2025-09-03 22h07.50.344350 +0530
68,0.5,1.5,70.3851273,,70.3760508,70.3851273,70.8748303,70.8748303,70.8850816,71.1737851,71.3756099,left,-1.5,1,1,0.4938376,273431,1,2025-09-03_22h07.49.385,adaptive staircase,,2025.1.1,89.64581836,2025-09-03 22h07.50.344350 +0530
69,0.5,1.5,71.385523,,71.3759623,71.385523,71.8742378,71.8742378,71.8860874,72.1747374,72.3530499,right,1.5,1,1,0.4770643,273431,1,2025-09-03_22h07.49.385,adaptive staircase,,2025.1.1,89.64581836,2025-09-03 22h07.50.344350 +0530
70,0.5,1.5,72.3637277,,72.3532746,72.3637277,72.85283,72.85283,72.86371,73.1524154,73.38706,right,1.5,1,1,0.5325847,273431,1,2025-09-03_22h07.49.385,adaptive staircase,,2025.1.1,89.64581836,2025-09-03 22h07.50.344350 +0530
71,0.5,1,73.3964907,,73.3873194,73.3964907,73.8856425,73.8856425,73.8971429,74.184702,74.3090831,right,1,1,1,0.4218317,273431,1,2025-09-03_22h07.49.385,adaptive staircase,,2025.1.1,89.64581836,2025-09-03 22h07.50.344350 +0530
72,0.5,1,74.3184281,,74.3093275,74.3184281,74.8081416,74.8081416,74.8192117,75.1080661,75.2751363,right,1,0,0,0.466297,273431,1,2025-09-03_22h07.49.385,adaptive staircase,,2025.1.1,89.64581836,2025-09-03 22h07.50.344350 +0530
73,0.5,1.5,75.2858183,,75.2753847,75.2858183,75.7747625,75.7747625,75.7859768,76.0749319,76.3305835,left,-1.5,0,0,0.5456265,273431,1,2025-09-03_22h07.49.385,adaptive staircase,,2025.1.1,89.64581836,2025-09-03 22h07.50.344350 +0530
74,0.5,2,76.3409528,,76.3309219,76.3409528,76.8296326,76.8296326,76.84173,77.1305282,77.3203555,right,2,1,1,0.4862343,273431,1,2025-09-03_22h07.49.385,adaptive staircase,,2025.1.1,89.64581836,2025-09-03 22h07.50.344350 +0530
75,0.5,2,77.3300758,,77.3206349,77.3300758,77.8181992,77.8181992,77.8288499,78.119135,78.2646042,right,2,1,1,0.4419234,273431,1,2025-09-03_22h07.49.385,adaptive staircase,,2025.1.1,89.64581836,2025-09-03 22h07.50.344350 +0530
76,0.5,2,78.2747584,,78.2648732,78.2747584,78.7630485,78.7630485,78.7747337,79.0634522,79.4201005,left,-2,0,0,0.6475361,273431,1,2025-09-03_22h07.49.385,adaptive staircase,,2025.1.1,89.64581836,2025-09-03 22h07.50.344350 +0530
77,0.5,2.5,79.4295547,,79.4203373,79.4295547,79.9193472,79.9193472,79.9305447,80.2190686,80.3294181,left,-2.5,1,1,0.4084771,273431,1,2025-09-03_22h07.49.385,adaptive staircase,,2025.1.1,89.64581836,2025-09-03 22h07.50.344350 +0530
78,0.5,2.5,80.3409904,,80.3296356,80.3409904,80.8302948,80.8302948,80.8410214,81.1303451,81.3089509,right,2.5,1,1,0.4750874,273431,1,2025-09-03_22h07.49.385,adaptive staircase,,2025.1.1,89.64581836,2025-09-03 22h07.50.344350 +0530
79,0.5,2.5,81.3190514,,81.3092057,81.3190514,81.8077878,81.8077878,81.819572,82.1079152,82.2528373,left,-2.5,1,1,0.442543,273431,1,2025-09-03_22h07.49.385,adaptive staircase,,2025.1.1,89.64581836,2025-09-03 22h07.50.344350 +0530
80,0.5,2,82.2629227,,82.2530681,82.2629227,82.75222,82.75222,82.7632536,83.0514344,83.3303008,right,2,0,0,0.5699456,273431,1,2025-09-03_22h07.49.385,adaptive staircase,,2025.1.1,89.64581836,2025-09-03 22h07.50.344350 +0530
81,0.5,2.5,83.3407437,,83.3305691,83.3407437,83.8291184,83.8291184,83.8411729,84.1300089,84.8419358,left,-2.5,1,1,1.0049356,273431,1,2025-09-03_22h07.49.385,adaptive staircase,,2025.1.1,89.64581836,2025-09-03 22h07.50.344350 +0530
82,0.5,2.5,84.8518001,,84.8421844,84.8518001,85.3407448,85.3407448,85.3520318,85.6411786,85.7306811,right,2.5,1,1,0.3821269,273431,1,2025-09-03_22h07.49.385,adaptive staircase,,2025.1.1,89.64581836,2025-09-03 22h07.50.344350 +0530
83,0.5,2.5,85.7402278,,85.7310087,85.7402278,86.2294084,86.2294084,86.2403078,86.5301919,86.6302523,right,2.5,1,1,0.390742,273431,1,2025-09-03_22h07.49.385,adaptive staircase,,2025.1.1,89.64581836,2025-09-03 22h07.50.344350 +0530
84,0.5,2,86.6411573,,86.6305142,86.6411573,87.1294852,87.1294852,87.1414958,87.4302842,87.6642168,right,2,1,1,0.5277382,273431,1,2025-09-03_22h07.49.385,adaptive staircase,,2025.1.1,89.64581836,2025-09-03 22h07.50.344350 +0530
85,0.5,2,87.674086,,87.6645201,87.674086,88.1634595,88.1634595,88.174643,88.4625347,88.5979439,right,2,0,0,0.4337106,273431,1,2025-09-03_22h07.49.385,adaptive staircase,,2025.1.1,89.64581836,2025-09-03 22h07.50.344350 +0530
86,0.5,2.5,88.6071781,,88.5982339,88.6071781,89.0970384,89.0970384,89.1081518,89.3963605,89.4305856,left,-2.5,0,0,0.3295361,273431,1,2025-09-03_22h07.49.385,adaptive staircase,,2025.1.1,89.64581836,2025-09-03 22h07.50.344350 +0530
87,0.5,3,89.4402403,,89.4308543,89.4402403,89.9300557,89.9300557,89.9406298,90.2296378,90.6199577,left,-3,1,1,0.6871078,273431,1,2025-09-03_22h07.49.385,adaptive staircase,,2025.1.1,89.64581836,2025-09-03 22h07.50.344350 +0530
88,0.5,3,90.6298789,,90.6202294,90.6298789,91.1183557,91.1183557,91.1301386,91.4190097,91.6201424,right,3,1,1,0.4985552,273431,1,2025-09-03_22h07.49.385,adaptive staircase,,2025.1.1,89.64581836,2025-09-03 22h07.50.344350 +0530
89,0.5,3,91.6301716,,91.6204012,91.6301716,92.1185074,92.1185074,92.1290456,92.4190185,92.5195766,right,3,1,1,0.3998044,273431,1,2025-09-03_22h07.49.385,adaptive staircase,,2025.1.1,89.64581836,2025-09-03 22h07.50.344350 +0530
90,0.5,2.5,92.5294757,,92.5198353,92.5294757,93.0183223,93.0183223,93.0300472,93.318623,93.6307539,left,-2.5,1,1,0.6065783,273431,1,2025-09-03_22h07.49.385,adaptive staircase,,2025.1.1,89.64581836,2025-09-03 22h07.50.344350 +0530
91,0.5,2.5,93.6403465,,93.6310397,93.6403465,94.1297909,94.1297909,94.1413147,94.4294801,94.7301667,right,2.5,0,0,0.5910592,273431,1,2025-09-03_22h07.49.385,adaptive staircase,,2025.1.1,89.64581836,2025-09-03 22h07.50.344350 +0530
92,0.5,3,94.7405566,,94.7304381,94.7405566,95.2290457,95.2290457,95.2407456,95.5298772,95.720069,right,3,1,1,0.4882482,273431,1,2025-09-03_22h07.49.385,adaptive staircase,,2025.1.1,89.64581836,2025-09-03 22h07.50.344350 +0530
93,0.5,3,95.7292782,,95.7203944,95.7292782,96.2179601,96.2179601,96.2294407,96.5189883,96.6532149,right,3,1,1,0.43309,273431,1,2025-09-03_22h07.49.385,adaptive staircase,,2025.1.1,89.64581836,2025-09-03 22h07.50.344350 +0530
94,0.5,3,96.6664207,,96.653488,96.6664207,97.1516559,97.1516559,97.1633157,97.452189,97.5757809,right,3,1,1,0.4210445,273431,1,2025-09-03_22h07.49.385,adaptive staircase,,2025.1.1,89.64581836,2025-09-03 22h07.50.344350 +0530
95,0.5,2.5,97.5847354,,97.5760665,97.5847354,98.0735565,98.0735565,98.0845969,98.3742103,98.6518566,left,-2.5,1,1,0.5721781,273431,1,2025-09-03_22h07.49.385,adaptive staircase,,2025.1.1,89.64581836,2025-09-03 22h07.50.344350 +0530
96,0.5,2.5,98.6626882,,98.6520835,98.6626882,99.1517338,99.1517338,99.1628505,99.4520659,99.7083745,left,-2.5,0,0,0.5472806,273431,1,2025-09-03_22h07.49.385,adaptive staircase,,2025.1.1,89.64581836,2025-09-03 22h07.50.344350 +0530
97,0.5,3,99.7184301,,99.7086405,99.7184301,100.2071504,100.2071504,100.2188864,100.507772,100.7199839,right,3,1,1,0.5101776,273431,1,2025-09-03_22h07.49.385,adaptive staircase,,2025.1.1,89.64581836,2025-09-03 22h07.50.344350 +0530
98,0.5,3,100.7294452,,100.7202889,100.7294452,101.2183386,101.2183386,101.2300395,101.5184938,101.7526875,right,3,1,1,0.5304884,273431,1,2025-09-03_22h07.49.385,adaptive staircase,,2025.1.1,89.64581836,2025-09-03 22h07.50.344350 +0530
99,0.5,3,101.762591,,101.7529559,101.762591,102.2520304,102.2520304,102.2631695,102.5521307,102.7305844,left,-3,1,1,0.4689471,273431,1,2025-09-03_22h07.49.385,adaptive staircase,,2025.1.1,89.64581836,2025-09-03 22h07.50.344350 +0530
