word,font_colour,con_lable,corr_resp,thisN,thisTrialN,thisRepN,key_resp.keys,key_resp.corr,key_resp.rt,key_resp.duration,trials.thisRepN,trials.thisTrialN,trials.thisN,trials.thisIndex,thisRow.t,notes,trial.started,fixation.started,fixation.stopped,text.started,key_resp.started,text.stopped,trial.stopped,trials.key_resp.keys,trials.key_resp.corr,trials.key_resp.rt,trials.key_resp.duration,participant,session,date,expName,expVersion,psychopyVersion,frameRate,expStart
RED,red,congruent,r,0,0,0,r,1,1.5781255,None,0,0,0,0,0.2164583,,0.2120491,0.2164583,0.5064505,0.5064505,0.5064505,1.0090568,2.1550524,r,1,1.5781255,None,596661,10,2025-08-26_10h52.49.125,stroop,,2025.1.1,60.05959115,2025-08-26 10h53.01.826362 +0530
BLUE,blue,congruent,b,1,1,0,b,1,0.5812879,None,0,1,1,1,2.1634513,,2.1593193,2.1634513,2.6603708,2.6603708,2.6603708,3.159387,3.2437995,b,1,0.5812879,None,596661,10,2025-08-26_10h52.49.125,stroop,,2025.1.1,60.05959115,2025-08-26 10h53.01.826362 +0530
RED,red,congruent,r,4,0,1,r,1,0.5047382,None,1,0,4,0,5.3429842,,5.3286545,5.3429842,5.8426485,5.8426485,5.8426485,6.3430831,6.3606445,r,1,0.5047382,None,596661,10,2025-08-26_10h52.49.125,stroop,,2025.1.1,60.05959115,2025-08-26 10h53.01.826362 +0530
BLUE,blue,congruent,b,6,2,1,b,1,0.3459054,None,1,2,6,1,7.2090861,,7.1950574,7.2090861,7.7095312,7.7095312,7.7095312,,8.0598745,b,1,0.3459054,None,596661,10,2025-08-26_10h52.49.125,stroop,,2025.1.1,60.05959115,2025-08-26 10h53.01.826362 +0530
BLUE,blue,congruent,b,8,0,2,b,1,0.2841479,None,2,0,8,1,8.9086882,,8.8946742,8.9086882,9.3927458,9.3927458,9.3927458,,9.6774258,b,1,0.2841479,None,596661,10,2025-08-26_10h52.49.125,stroop,,2025.1.1,60.05959115,2025-08-26 10h53.01.826362 +0530
RED,red,congruent,r,9,1,2,r,1,0.3236976,None,2,1,9,0,9.6923471,,9.6806996,9.6923471,10.1766069,10.1766069,10.1766069,,10.5102648,r,1,0.3236976,None,596661,10,2025-08-26_10h52.49.125,stroop,,2025.1.1,60.05959115,2025-08-26 10h53.01.826362 +0530
RED,red,congruent,r,14,2,3,r,1,0.4137137,None,3,2,14,0,13.8262927,,13.8117782,13.8262927,14.3263708,14.3263708,14.3263708,,14.7436463,r,1,0.4137137,None,596661,10,2025-08-26_10h52.49.125,stroop,,2025.1.1,60.05959115,2025-08-26 10h53.01.826362 +0530
BLUE,blue,congruent,b,15,3,3,b,1,0.369839,None,3,3,15,1,14.7587811,,14.7484255,14.7587811,15.242347,15.242347,15.242347,,15.6259539,b,1,0.369839,None,596661,10,2025-08-26_10h52.49.125,stroop,,2025.1.1,60.05959115,2025-08-26 10h53.01.826362 +0530
RED,red,congruent,r,16,0,4,r,1,0.3092086,None,4,0,16,0,15.6420869,,15.628933,15.6420869,16.1255522,16.1255522,16.1255522,,16.4437051,r,1,0.3092086,None,596661,10,2025-08-26_10h52.49.125,stroop,,2025.1.1,60.05959115,2025-08-26 10h53.01.826362 +0530
BLUE,blue,congruent,b,17,1,4,b,1,0.3384205,None,4,1,17,1,16.458841,,16.447104,16.458841,16.9587655,16.9587655,16.9587655,,17.3105013,b,1,0.3384205,None,596661,10,2025-08-26_10h52.49.125,stroop,,2025.1.1,60.05959115,2025-08-26 10h53.01.826362 +0530
RED,red,congruent,r,21,1,5,r,1,0.2708732,None,5,1,21,0,19.8588644,,19.8461687,19.8588644,20.3421296,20.3421296,20.3421296,,20.6269278,r,1,0.2708732,None,596661,10,2025-08-26_10h52.49.125,stroop,,2025.1.1,60.05959115,2025-08-26 10h53.01.826362 +0530
BLUE,blue,congruent,b,22,2,5,b,1,0.2985403,None,5,2,22,1,20.6421044,,20.6327639,20.6421044,21.1262247,21.1262247,21.1262247,,21.4264738,b,1,0.2985403,None,596661,10,2025-08-26_10h52.49.125,stroop,,2025.1.1,60.05959115,2025-08-26 10h53.01.826362 +0530
RED,red,congruent,r,25,1,6,r,1,0.3405941,None,6,1,25,0,23.0759489,,23.0635184,23.0759489,23.5759671,23.5759671,23.5759671,,23.9268935,r,1,0.3405941,None,596661,10,2025-08-26_10h52.49.125,stroop,,2025.1.1,60.05959115,2025-08-26 10h53.01.826362 +0530
BLUE,blue,congruent,b,26,2,6,b,1,0.3181406,None,6,2,26,1,23.9420997,,23.9303363,23.9420997,24.4261057,24.4261057,24.4261057,,24.7450832,b,1,0.3181406,None,596661,10,2025-08-26_10h52.49.125,stroop,,2025.1.1,60.05959115,2025-08-26 10h53.01.826362 +0530
BLUE,blue,congruent,b,29,1,7,b,1,0.3451994,None,7,1,29,1,26.3921919,,26.3785236,26.3921919,26.8927836,26.8927836,26.8927836,,27.2430091,b,1,0.3451994,None,596661,10,2025-08-26_10h52.49.125,stroop,,2025.1.1,60.05959115,2025-08-26 10h53.01.826362 +0530
RED,red,congruent,r,30,2,7,r,1,0.2957255,None,7,2,30,0,27.2587085,,27.2464684,27.2587085,27.742742,27.742742,27.742742,,28.0431402,r,1,0.2957255,None,596661,10,2025-08-26_10h52.49.125,stroop,,2025.1.1,60.05959115,2025-08-26 10h53.01.826362 +0530
BLUE,blue,congruent,b,34,2,8,b,1,0.3479464,None,8,2,34,1,30.6920552,,30.6798572,30.6920552,31.1926933,31.1926933,31.1926933,,31.5436214,b,1,0.3479464,None,596661,10,2025-08-26_10h52.49.125,stroop,,2025.1.1,60.05959115,2025-08-26 10h53.01.826362 +0530
RED,red,congruent,r,35,3,8,r,1,0.3521446,None,8,3,35,0,31.5586921,,31.5472179,31.5586921,32.0591888,32.0591888,32.0591888,,32.4262359,r,1,0.3521446,None,596661,10,2025-08-26_10h52.49.125,stroop,,2025.1.1,60.05959115,2025-08-26 10h53.01.826362 +0530
RED,red,congruent,r,36,0,9,r,1,0.2795564,None,9,0,36,0,32.4425513,,32.4271036,32.4425513,32.942185,32.942185,32.942185,,33.2262457,r,1,0.2795564,None,596661,10,2025-08-26_10h52.49.125,stroop,,2025.1.1,60.05959115,2025-08-26 10h53.01.826362 +0530
BLUE,blue,congruent,b,39,3,9,b,1,0.4365406,None,9,3,39,1,34.9085384,,34.8936214,34.9085384,35.3922487,35.3922487,35.3922487,,35.8431183,b,1,0.4365406,None,596661,10,2025-08-26_10h52.49.125,stroop,,2025.1.1,60.05959115,2025-08-26 10h53.01.826362 +0530
BLUE,red,incongruent,r,2,2,0,b,0,0.5069479,None,0,2,2,3,3.2589517,,3.2448427,3.2589517,3.7592758,3.7592758,3.7592758,4.2596601,4.2769068,b,0,0.5069479,None,596661,10,2025-08-26_10h52.49.125,stroop,,2025.1.1,60.05959115,2025-08-26 10h53.01.826362 +0530
RED,blue,incongruent,b,3,3,0,b,1,0.5472126,None,0,3,3,2,4.2931769,,4.2802248,4.2931769,4.776047,4.776047,4.776047,5.2763538,5.3274997,b,1,0.5472126,None,596661,10,2025-08-26_10h52.49.125,stroop,,2025.1.1,60.05959115,2025-08-26 10h53.01.826362 +0530
BLUE,red,incongruent,r,5,1,1,r,1,0.307012,None,1,1,5,3,6.3759096,,6.3670508,6.3759096,6.8763181,6.8763181,6.8763181,,7.1940268,r,1,0.307012,None,596661,10,2025-08-26_10h52.49.125,stroop,,2025.1.1,60.05959115,2025-08-26 10h53.01.826362 +0530
RED,blue,incongruent,b,7,3,1,b,1,0.3159845,None,1,3,7,2,8.0757873,,8.0644993,8.0757873,8.5758005,8.5758005,8.5758005,,8.8928738,b,1,0.3159845,None,596661,10,2025-08-26_10h52.49.125,stroop,,2025.1.1,60.05959115,2025-08-26 10h53.01.826362 +0530
RED,blue,incongruent,b,10,2,2,b,1,0.3161027,None,2,2,10,2,10.5263619,,10.5113285,10.5263619,11.0092399,11.0092399,11.0092399,,11.3273484,b,1,0.3161027,None,596661,10,2025-08-26_10h52.49.125,stroop,,2025.1.1,60.05959115,2025-08-26 10h53.01.826362 +0530
BLUE,red,incongruent,r,11,3,2,r,1,0.2809191,None,2,3,11,3,11.3422507,,11.3311119,11.3422507,11.8429965,11.8429965,11.8429965,,12.1272161,r,1,0.2809191,None,596661,10,2025-08-26_10h52.49.125,stroop,,2025.1.1,60.05959115,2025-08-26 10h53.01.826362 +0530
BLUE,red,incongruent,r,12,0,3,r,1,0.3078561,None,3,0,12,3,12.1431195,,12.1286577,12.1431195,12.6425468,12.6425468,12.6425468,,12.9604879,r,1,0.3078561,None,596661,10,2025-08-26_10h52.49.125,stroop,,2025.1.1,60.05959115,2025-08-26 10h53.01.826362 +0530
RED,blue,incongruent,b,13,1,3,b,1,0.3344296,None,3,1,13,2,12.9756908,,12.9641598,12.9756908,13.4756989,13.4756989,13.4756989,,13.8108053,b,1,0.3344296,None,596661,10,2025-08-26_10h52.49.125,stroop,,2025.1.1,60.05959115,2025-08-26 10h53.01.826362 +0530
BLUE,red,incongruent,r,18,2,4,r,1,0.32245,None,4,2,18,3,17.3262172,,17.3113648,17.3262172,17.8261899,17.8261899,17.8261899,,18.1601247,r,1,0.32245,None,596661,10,2025-08-26_10h52.49.125,stroop,,2025.1.1,60.05959115,2025-08-26 10h53.01.826362 +0530
RED,blue,incongruent,b,19,3,4,b,1,0.3283258,None,4,3,19,2,18.1756064,,18.1645034,18.1756064,18.6590844,18.6590844,18.6590844,,18.9930783,b,1,0.3283258,None,596661,10,2025-08-26_10h52.49.125,stroop,,2025.1.1,60.05959115,2025-08-26 10h53.01.826362 +0530
BLUE,red,incongruent,r,20,0,5,r,1,0.3351973,None,5,0,20,3,19.0088676,,18.9975636,19.0088676,19.4926857,19.4926857,19.4926857,,19.8430503,r,1,0.3351973,None,596661,10,2025-08-26_10h52.49.125,stroop,,2025.1.1,60.05959115,2025-08-26 10h53.01.826362 +0530
RED,blue,incongruent,b,23,3,5,b,1,0.2725203,None,5,3,23,2,21.442232,,21.4300734,21.442232,21.926042,21.926042,21.926042,,22.2101539,b,1,0.2725203,None,596661,10,2025-08-26_10h52.49.125,stroop,,2025.1.1,60.05959115,2025-08-26 10h53.01.826362 +0530
BLUE,red,incongruent,r,24,0,6,r,1,0.3350447,None,6,0,24,3,22.2255675,,22.2140791,22.2255675,22.7094524,22.7094524,22.7094524,,23.0598205,r,1,0.3350447,None,596661,10,2025-08-26_10h52.49.125,stroop,,2025.1.1,60.05959115,2025-08-26 10h53.01.826362 +0530
RED,blue,incongruent,b,27,3,6,b,1,0.2827783,None,6,3,27,2,24.7587312,,24.7503815,24.7587312,25.2588606,25.2588606,25.2588606,,25.5438948,b,1,0.2827783,None,596661,10,2025-08-26_10h52.49.125,stroop,,2025.1.1,60.05959115,2025-08-26 10h53.01.826362 +0530
BLUE,red,incongruent,r,28,0,7,r,1,0.3095267,None,7,0,28,3,25.5587486,,25.5477448,25.5587486,26.0594702,26.0594702,26.0594702,,26.3773469,r,1,0.3095267,None,596661,10,2025-08-26_10h52.49.125,stroop,,2025.1.1,60.05959115,2025-08-26 10h53.01.826362 +0530
RED,blue,incongruent,b,31,3,7,b,1,0.263465,None,7,3,31,2,28.0591516,,28.0440551,28.0591516,28.542772,28.542772,28.542772,,28.8115684,b,1,0.263465,None,596661,10,2025-08-26_10h52.49.125,stroop,,2025.1.1,60.05959115,2025-08-26 10h53.01.826362 +0530
BLUE,red,incongruent,r,32,0,8,r,1,0.5156004,None,8,0,32,3,28.8253994,,28.8157954,28.8253994,29.3256364,29.3256364,29.3256364,29.8256061,29.8435811,r,1,0.5156004,None,596661,10,2025-08-26_10h52.49.125,stroop,,2025.1.1,60.05959115,2025-08-26 10h53.01.826362 +0530
RED,blue,incongruent,b,33,1,8,b,1,0.3180617,None,8,1,33,2,29.8586321,,29.8475667,29.8586321,30.342709,30.342709,30.342709,,30.676434,b,1,0.3180617,None,596661,10,2025-08-26_10h52.49.125,stroop,,2025.1.1,60.05959115,2025-08-26 10h53.01.826362 +0530
RED,blue,incongruent,b,37,1,9,b,1,0.3187713,None,9,1,37,2,33.2425986,,33.2273299,33.2425986,33.7257138,33.7257138,33.7257138,,34.0593261,b,1,0.3187713,None,596661,10,2025-08-26_10h52.49.125,stroop,,2025.1.1,60.05959115,2025-08-26 10h53.01.826362 +0530
BLUE,red,incongruent,r,38,2,9,r,1,0.3198656,None,9,2,38,3,34.0756368,,34.0631889,34.0756368,34.5592975,34.5592975,34.5592975,,34.892743,r,1,0.3198656,None,596661,10,2025-08-26_10h52.49.125,stroop,,2025.1.1,60.05959115,2025-08-26 10h53.01.826362 +0530
,,,,,,,,,,,,,,,,,,,,,,,,,,,,,,,,,,,
,,,,,,,,,,,,,,,,,,,,,,,,,,,,,,,,,,,
,,congruent,incongruent,stroop effect,,,,,,,,,,,,,,,,,,,,,,,,,,,,,,,
,mean,0.41671727,0.34190358,,,,,,,,,,,,,,,,,,,,,,,,,,,,,,,,
,std,0.284090821,0.081047695,,,,,,,,,,,,,,,,,,,,,,,,,,,,,,,,
,milliseconds,4167,3419,748,,,,,,,,,,,,,,,,,,,,,,,,,,,,,,,
,,,,,,,,,,,,,,,,,,,,,,,,,,,,,,,,,,,
,,,,,,,,,,,,,,,,s,,,,,,,,,,,,,,,,,,,
