thisN,thisTrialN,thisRepN,tilt,key_resp.keys,key_resp.corr,key_resp.rt,key_resp.duration,trials.thisRepN,trials.thisTrialN,trials.thisN,trials.thisIndex,thisRow.t,notes,trial.started,Fixation.started,key_resp.started,Fixation.stopped,trial.stopped,trials.tilt,trials.key_resp.keys,trials.key_resp.corr,trials.key_resp.rt,trials.key_resp.duration,participant,session,date,expName,expVersion,psychopyVersion,frameRate,expStart,
0,0,0,0,up,1,1.658721899962984,None,0,0,0,0,0.023433700087480247,,0.005051800049841404,0.023433700087480247,1.0087241000728682,1.0262530000181869,2.751096500083804,0,up,1,1.658721899962984,None,955209,001,2025-09-06_12h37.51.506,Signal Detection,,2025.1.1,59.70309651995305,2025-09-06 12h37.52.853344 +0530,
1,0,1,0,down,0,0.7578127000015229,None,1,0,1,0,2.772377800079994,,2.75135430006776,2.772377800079994,3.7632274000206962,3.7783214000519365,4.529343100031838,0,down,0,0.7578127000015229,None,955209,001,2025-09-06_12h37.51.506,Signal Detection,,2025.1.1,59.70309651995305,2025-09-06 12h37.52.853344 +0530,
2,0,2,0,up,1,0.6784611999755725,None,2,0,2,0,4.543989200028591,,4.5297498999862,4.543989200028591,5.543817400000989,5.543817400000989,6.2291778000071645,0,up,1,0.6784611999755725,None,955209,001,2025-09-06_12h37.51.506,Signal Detection,,2025.1.1,59.70309651995305,2025-09-06 12h37.52.853344 +0530,
3,0,3,3,down,1,0.5439832999836653,None,3,0,3,0,6.243046300020069,,6.229556799982674,6.243046300020069,7.243172400048934,7.243172400048934,7.793383100070059,3,down,1,0.5439832999836653,None,955209,001,2025-09-06_12h37.51.506,Signal Detection,,2025.1.1,59.70309651995305,2025-09-06 12h37.52.853344 +0530,
4,0,4,-4,down,1,0.6441573000047356,None,4,0,4,0,7.809737600036897,,7.793584500090219,7.809737600036897,8.79498030000832,8.810437000007369,9.446656899992377,-4,down,1,0.6441573000047356,None,955209,001,2025-09-06_12h37.51.506,Signal Detection,,2025.1.1,59.70309651995305,2025-09-06 12h37.52.853344 +0530,
5,0,5,0,up,1,0.5975397999864072,None,5,0,5,0,9.462383100064471,,9.447126900078729,9.462383100064471,10.461573200067505,10.476658100029454,11.061630800017156,0,up,1,0.5975397999864072,None,955209,001,2025-09-06_12h37.51.506,Signal Detection,,2025.1.1,59.70309651995305,2025-09-06 12h37.52.853344 +0530,
6,0,6,-5,down,1,0.5286272999364883,None,6,0,6,0,11.076190000050701,,11.06202110007871,11.076190000050701,12.07631770009175,12.07631770009175,12.612183900084347,-5,down,1,0.5286272999364883,None,955209,001,2025-09-06_12h37.51.506,Signal Detection,,2025.1.1,59.70309651995305,2025-09-06 12h37.52.853344 +0530,
7,0,7,-5,down,1,0.4441153999650851,None,7,0,7,0,12.627520499983802,,12.612571500008926,12.627520499983802,13.610794499982148,13.628714699996635,14.061976700089872,-5,down,1,0.4441153999650851,None,955209,001,2025-09-06_12h37.51.506,Signal Detection,,2025.1.1,59.70309651995305,2025-09-06 12h37.52.853344 +0530,
8,0,8,0,up,1,0.6604965999722481,None,8,0,8,0,14.075867000035942,,14.06243330007419,14.075867000035942,15.076517999987118,15.076517999987118,15.744474000064656,0,up,1,0.6604965999722481,None,955209,001,2025-09-06_12h37.51.506,Signal Detection,,2025.1.1,59.70309651995305,2025-09-06 12h37.52.853344 +0530,
9,0,9,-3,down,1,0.4597396000754088,None,9,0,9,0,15.760832100058906,,15.744914500042796,15.760832100058906,16.743326500058174,16.76232760003768,17.21192949998658,-3,down,1,0.4597396000754088,None,955209,001,2025-09-06_12h37.51.506,Signal Detection,,2025.1.1,59.70309651995305,2025-09-06 12h37.52.853344 +0530,
10,0,10,0,down,0,0.5938952999422327,None,10,0,10,0,17.227971000014804,,17.212369000073522,17.227971000014804,18.21099749999121,18.228946899995208,18.811393000069074,0,down,0,0.5938952999422327,None,955209,001,2025-09-06_12h37.51.506,Signal Detection,,2025.1.1,59.70309651995305,2025-09-06 12h37.52.853344 +0530,
11,0,11,-5,down,1,0.5385628999210894,None,11,0,11,0,18.827479899977334,,18.81175610003993,18.827479899977334,19.809959499980323,19.828008600044996,20.36021770001389,-5,down,1,0.5385628999210894,None,955209,001,2025-09-06_12h37.51.506,Signal Detection,,2025.1.1,59.70309651995305,2025-09-06 12h37.52.853344 +0530,
12,0,12,0,up,1,0.6498522000620142,None,12,0,12,0,20.376164000015706,,20.360462700016797,20.376164000015706,21.362267900025472,21.375949100009166,22.0295745000476,0,up,1,0.6498522000620142,None,955209,001,2025-09-06_12h37.51.506,Signal Detection,,2025.1.1,59.70309651995305,2025-09-06 12h37.52.853344 +0530,
13,0,13,0,up,1,0.7381984000094235,None,13,0,13,0,22.04400200000964,,22.02994779997971,22.04400200000964,23.04450670001097,23.04450670001097,23.7949426000705,0,up,1,0.7381984000094235,None,955209,001,2025-09-06_12h37.51.506,Signal Detection,,2025.1.1,59.70309651995305,2025-09-06 12h37.52.853344 +0530,
14,0,14,3,down,1,0.5791698999237269,None,14,0,14,0,23.809945299988613,,23.79529140004888,23.809945299988613,24.808699100045487,24.808699100045487,25.39622810005676,3,down,1,0.5791698999237269,None,955209,001,2025-09-06_12h37.51.506,Signal Detection,,2025.1.1,59.70309651995305,2025-09-06 12h37.52.853344 +0530,
15,0,15,0,up,1,0.6236701000016183,None,15,0,15,0,25.410192299983464,,25.39670979999937,25.410192299983464,26.409879600047134,26.409879600047134,27.044779399991967,0,up,1,0.6236701000016183,None,955209,001,2025-09-06_12h37.51.506,Signal Detection,,2025.1.1,59.70309651995305,2025-09-06 12h37.52.853344 +0530,
16,0,16,-5,down,1,0.5825807000510395,None,16,0,16,0,27.06030260003172,,27.045248600072227,27.06030260003172,28.043570499983616,28.061203600023873,28.628189400071278,-5,down,1,0.5825807000510395,None,955209,001,2025-09-06_12h37.51.506,Signal Detection,,2025.1.1,59.70309651995305,2025-09-06 12h37.52.853344 +0530,
17,0,17,1,down,1,0.43300239997915924,None,17,0,17,0,28.643586500082165,,28.62860180006828,28.643586500082165,29.62847790005617,29.644313400029205,30.063014600076713,1,down,1,0.43300239997915924,None,955209,001,2025-09-06_12h37.51.506,Signal Detection,,2025.1.1,59.70309651995305,2025-09-06 12h37.52.853344 +0530,
18,0,18,0,up,1,1.2196807999862358,None,18,0,18,0,30.077566900057718,,30.063838600064628,30.077566900057718,31.076517999987118,31.076517999987118,32.31122390006203,0,up,1,1.2196807999862358,None,955209,001,2025-09-06_12h37.51.506,Signal Detection,,2025.1.1,59.70309651995305,2025-09-06 12h37.52.853344 +0530,
19,0,19,0,up,1,0.9177871999563649,None,19,0,19,0,32.327616700087674,,32.31171510007698,32.327616700087674,33.30995190003887,33.32741929998156,34.22822270006873,0,up,1,0.9177871999563649,None,955209,001,2025-09-06_12h37.51.506,Signal Detection,,2025.1.1,59.70309651995305,2025-09-06 12h37.52.853344 +0530,
20,0,20,2,down,1,0.5028180999215692,None,20,0,20,0,34.24255650001578,,34.22852370003238,34.24255650001578,35.227443400071934,35.24323160003405,35.74408690002747,2,down,1,0.5028180999215692,None,955209,001,2025-09-06_12h37.51.506,Signal Detection,,2025.1.1,59.70309651995305,2025-09-06 12h37.52.853344 +0530,
21,0,21,0,up,1,0.8323012000182644,None,21,0,21,0,35.76085740001872,,35.74446389998775,35.76085740001872,36.74285620008595,36.77509250002913,37.57720170007087,0,up,1,0.8323012000182644,None,955209,001,2025-09-06_12h37.51.506,Signal Detection,,2025.1.1,59.70309651995305,2025-09-06 12h37.52.853344 +0530,
22,0,22,0,up,1,0.7520241000456735,None,22,0,22,0,37.5937151000835,,37.5776412000414,37.5937151000835,38.5766834000824,38.59375600004569,39.342486200039275,0,up,1,0.7520241000456735,None,955209,001,2025-09-06_12h37.51.506,Signal Detection,,2025.1.1,59.70309651995305,2025-09-06 12h37.52.853344 +0530,
23,0,23,3,down,1,0.5139189000474289,None,23,0,23,0,39.35936220001895,,39.34274440002628,39.35936220001895,40.36095470003784,40.37789920007344,40.88057150004897,3,down,1,0.5139189000474289,None,955209,001,2025-09-06_12h37.51.506,Signal Detection,,2025.1.1,59.70309651995305,2025-09-06 12h37.52.853344 +0530,
24,0,24,4,down,1,0.5831420000176877,None,24,0,24,0,40.892724100034684,,40.88105660001747,40.892724100034684,41.89451150002424,41.89451150002424,42.47884460003115,4,down,1,0.5831420000176877,None,955209,001,2025-09-06_12h37.51.506,Signal Detection,,2025.1.1,59.70309651995305,2025-09-06 12h37.52.853344 +0530,
25,0,25,-3,down,1,0.6175984999863431,None,25,0,25,0,42.49286830006167,,42.479487300035544,42.49286830006167,43.49310249998234,43.49310249998234,44.11198809999041,-3,down,1,0.6175984999863431,None,955209,001,2025-09-06_12h37.51.506,Signal Detection,,2025.1.1,59.70309651995305,2025-09-06 12h37.52.853344 +0530,
26,0,26,0,up,1,0.6229606999550015,None,26,0,26,0,44.126216200063936,,44.112337900092825,44.126216200063936,45.12754700006917,45.12754700006917,45.760602200054564,0,up,1,0.6229606999550015,None,955209,001,2025-09-06_12h37.51.506,Signal Detection,,2025.1.1,59.70309651995305,2025-09-06 12h37.52.853344 +0530,
27,0,27,0,up,1,0.72541099996306,None,27,0,27,0,45.77756790001877,,45.760972000076436,45.77756790001877,46.758090700022876,46.79304550006054,47.491872400045395,0,up,1,0.72541099996306,None,955209,001,2025-09-06_12h37.51.506,Signal Detection,,2025.1.1,59.70309651995305,2025-09-06 12h37.52.853344 +0530,
28,0,28,-5,down,1,0.5223166000796482,None,28,0,28,0,47.509045500075445,,47.49214019998908,47.509045500075445,48.49311859998852,48.510615000035614,49.02521960006561,-5,down,1,0.5223166000796482,None,955209,001,2025-09-06_12h37.51.506,Signal Detection,,2025.1.1,59.70309651995305,2025-09-06 12h37.52.853344 +0530,
29,0,29,1,down,1,0.6533191000344232,None,29,0,29,0,49.04249940009322,,49.02552760008257,49.04249940009322,50.025314600090496,50.042296300060116,50.679250800050795,1,down,1,0.6533191000344232,None,955209,001,2025-09-06_12h37.51.506,Signal Detection,,2025.1.1,59.70309651995305,2025-09-06 12h37.52.853344 +0530,
30,0,30,-3,down,1,0.6847690999275073,None,30,0,30,0,50.69309230009094,,50.679734400007874,50.69309230009094,51.69138810003642,51.69138810003642,52.37795780005399,-3,down,1,0.6847690999275073,None,955209,001,2025-09-06_12h37.51.506,Signal Detection,,2025.1.1,59.70309651995305,2025-09-06 12h37.52.853344 +0530,
31,0,31,0,up,1,0.6842747000046074,None,31,0,31,0,52.39269540004898,,52.37828509998508,52.39269540004898,53.37813309999183,53.393158000078984,54.06302440003492,0,up,1,0.6842747000046074,None,955209,001,2025-09-06_12h37.51.506,Signal Detection,,2025.1.1,59.70309651995305,2025-09-06 12h37.52.853344 +0530,
32,0,32,-4,down,1,0.5089207000564784,None,32,0,32,0,54.076759300078265,,54.06346620002296,54.076759300078265,55.07699740002863,55.07699740002863,55.59392630006187,-4,down,1,0.5089207000564784,None,955209,001,2025-09-06_12h37.51.506,Signal Detection,,2025.1.1,59.70309651995305,2025-09-06 12h37.52.853344 +0530,
33,0,33,4,up,0,0.5457085000816733,None,33,0,33,0,55.61028240004089,,55.59432020003442,55.61028240004089,56.59335109998938,56.61134410009254,57.145026799989864,4,up,0,0.5457085000816733,None,955209,001,2025-09-06_12h37.51.506,Signal Detection,,2025.1.1,59.70309651995305,2025-09-06 12h37.52.853344 +0530,
34,0,34,0,up,1,0.7590245000319555,None,34,0,34,0,57.15904940001201,,57.145389300072566,57.15904940001201,58.14285220007878,58.159559500054456,58.91161640000064,0,up,1,0.7590245000319555,None,955209,001,2025-09-06_12h37.51.506,Signal Detection,,2025.1.1,59.70309651995305,2025-09-06 12h37.52.853344 +0530,
35,0,35,3,down,1,0.43348869995679706,None,35,0,35,0,58.926158100017346,,58.91202799999155,58.926158100017346,59.924761500093155,59.924761500093155,60.36049130000174,3,down,1,0.43348869995679706,None,955209,001,2025-09-06_12h37.51.506,Signal Detection,,2025.1.1,59.70309651995305,2025-09-06 12h37.52.853344 +0530,
36,0,36,-5,down,1,0.48185590002685785,None,36,0,36,0,60.37714009999763,,60.36109090002719,60.37714009999763,61.361687700031325,61.37607870006468,61.8465691000456,-5,down,1,0.48185590002685785,None,955209,001,2025-09-06_12h37.51.506,Signal Detection,,2025.1.1,59.70309651995305,2025-09-06 12h37.52.853344 +0530,
37,0,37,4,down,1,0.44598830002360046,None,37,0,37,0,61.859270000015385,,61.847015600069426,61.859270000015385,62.85985990008339,62.85985990008339,63.31154550006613,4,down,1,0.44598830002360046,None,955209,001,2025-09-06_12h37.51.506,Signal Detection,,2025.1.1,59.70309651995305,2025-09-06 12h37.52.853344 +0530,
38,0,38,1,down,1,0.4991996999597177,None,38,0,38,0,63.32541889999993,,63.31177240004763,63.32541889999993,64.32286369998474,64.33944270003121,64.82709989999421,1,down,1,0.4991996999597177,None,955209,001,2025-09-06_12h37.51.506,Signal Detection,,2025.1.1,59.70309651995305,2025-09-06 12h37.52.853344 +0530,
39,0,39,0,up,1,0.9940307999495417,None,39,0,39,0,64.843592200079,,64.82741300005,64.843592200079,65.8268666000804,65.84476840007119,66.82733730005566,0,up,1,0.9940307999495417,None,955209,001,2025-09-06_12h37.51.506,Signal Detection,,2025.1.1,59.70309651995305,2025-09-06 12h37.52.853344 +0530,
40,0,40,0,down,0,0.6591820999747142,None,40,0,40,0,66.84382489998825,,66.82779460004531,66.84382489998825,67.8279157000361,67.84385850001127,68.49285310006235,0,down,0,0.6591820999747142,None,955209,001,2025-09-06_12h37.51.506,Signal Detection,,2025.1.1,59.70309651995305,2025-09-06 12h37.52.853344 +0530,
41,0,41,-4,down,1,0.5289796000579372,None,41,0,41,0,68.50923690001946,,68.49329620006029,68.50923690001946,69.49273000005633,69.50980230001733,70.02870490006171,-4,down,1,0.5289796000579372,None,955209,001,2025-09-06_12h37.51.506,Signal Detection,,2025.1.1,59.70309651995305,2025-09-06 12h37.52.853344 +0530,
42,0,42,0,down,0,1.0922216000035405,None,42,0,42,0,70.044600800029,,70.02911170001607,70.044600800029,71.04392830003053,71.05953650001902,72.14757869997993,0,down,0,1.0922216000035405,None,955209,001,2025-09-06_12h37.51.506,Signal Detection,,2025.1.1,59.70309651995305,2025-09-06 12h37.52.853344 +0530,
43,0,43,-3,up,0,0.664806800079532,None,43,0,43,0,72.15679869998712,,72.1479850000469,72.15679869998712,73.15788389998488,73.15788389998488,73.82514380000066,-3,up,0,0.664806800079532,None,955209,001,2025-09-06_12h37.51.506,Signal Detection,,2025.1.1,59.70309651995305,2025-09-06 12h37.52.853344 +0530,
44,0,44,1,down,1,0.6877793000312522,None,44,0,44,0,73.8421045000432,,73.8254168999847,73.8421045000432,74.82653259998187,74.84500710002612,75.52744710003026,1,down,1,0.6877793000312522,None,955209,001,2025-09-06_12h37.51.506,Signal Detection,,2025.1.1,59.70309651995305,2025-09-06 12h37.52.853344 +0530,
45,0,45,-3,up,0,0.7722332000266761,None,45,0,45,0,75.54341869999189,,75.5279339000117,75.54341869999189,76.54243560007308,76.55966400005855,77.3277457000222,-3,up,0,0.7722332000266761,None,955209,001,2025-09-06_12h37.51.506,Signal Detection,,2025.1.1,59.70309651995305,2025-09-06 12h37.52.853344 +0530,
46,0,46,0,down,0,0.6690030000172555,None,46,0,46,0,77.34294620004948,,77.3282065000385,77.34294620004948,78.32618510001339,78.34320730005857,79.01085630001035,0,down,0,0.6690030000172555,None,955209,001,2025-09-06_12h37.51.506,Signal Detection,,2025.1.1,59.70309651995305,2025-09-06 12h37.52.853344 +0530,
47,0,47,4,down,1,0.5055905999615788,None,47,0,47,0,79.02546630008146,,79.01138070004527,79.02546630008146,80.02703600004315,80.02703600004315,80.54403059999458,4,down,1,0.5055905999615788,None,955209,001,2025-09-06_12h37.51.506,Signal Detection,,2025.1.1,59.70309651995305,2025-09-06 12h37.52.853344 +0530,
48,0,48,-2,up,0,1.8095684999134392,None,48,0,48,0,80.55838639999274,,80.54438029997982,80.55838639999274,81.55937710008584,81.55937710008584,83.37749500002246,-2,up,0,1.8095684999134392,None,955209,001,2025-09-06_12h37.51.506,Signal Detection,,2025.1.1,59.70309651995305,2025-09-06 12h37.52.853344 +0530,
49,0,49,0,down,0,0.5493138000601903,None,49,0,49,0,83.39226240001153,,83.37779980001505,83.39226240001153,84.39261870004702,84.39261870004702,84.94456380000338,0,down,0,0.5493138000601903,None,955209,001,2025-09-06_12h37.51.506,Signal Detection,,2025.1.1,59.70309651995305,2025-09-06 12h37.52.853344 +0530,
50,0,50,1,down,1,0.6003974999766797,None,50,0,50,0,84.95954260008875,,84.9449697000673,84.95954260008875,85.95886190002784,85.95886190002784,86.56079260003753,1,down,1,0.6003974999766797,None,955209,001,2025-09-06_12h37.51.506,Signal Detection,,2025.1.1,59.70309651995305,2025-09-06 12h37.52.853344 +0530,
51,0,51,0,up,1,0.7213192998897284,None,51,0,51,0,86.5772570000263,,86.56109510001261,86.5772570000263,87.57610170007683,87.57610170007683,88.31197380006779,0,up,1,0.7213192998897284,None,955209,001,2025-09-06_12h37.51.506,Signal Detection,,2025.1.1,59.70309651995305,2025-09-06 12h37.52.853344 +0530,
52,0,52,0,down,0,0.6058623000280932,None,52,0,52,0,88.32173700002022,,88.31249500007834,88.32173700002022,89.32604090007953,89.32604090007953,89.9445278000785,0,down,0,0.6058623000280932,None,955209,001,2025-09-06_12h37.51.506,Signal Detection,,2025.1.1,59.70309651995305,2025-09-06 12h37.52.853344 +0530,
53,0,53,1,up,0,0.8918097000569105,None,53,0,53,0,89.95898760005366,,89.94488460000139,89.95898760005366,90.96030789997894,90.96030789997894,91.86011280003004,1,up,0,0.8918097000569105,None,955209,001,2025-09-06_12h37.51.506,Signal Detection,,2025.1.1,59.70309651995305,2025-09-06 12h37.52.853344 +0530,
54,0,54,0,up,1,0.9905642000958323,None,54,0,54,0,91.87669579999056,,91.86054670007434,91.87669579999056,92.85948570002802,92.87717480002902,93.85913410002831,0,up,1,0.9905642000958323,None,955209,001,2025-09-06_12h37.51.506,Signal Detection,,2025.1.1,59.70309651995305,2025-09-06 12h37.52.853344 +0530,
55,0,55,0,up,1,0.8278511000098661,None,55,0,55,0,93.87680810003076,,93.8594539000187,93.87680810003076,94.86021010007244,94.87641580007039,95.6930611000862,0,up,1,0.8278511000098661,None,955209,001,2025-09-06_12h37.51.506,Signal Detection,,2025.1.1,59.70309651995305,2025-09-06 12h37.52.853344 +0530,
56,0,56,0,up,1,0.8007104999851435,None,56,0,56,0,95.70921550004277,,95.69332359998953,95.70921550004277,96.69213990005665,96.70963629998732,97.51088700001128,0,up,1,0.8007104999851435,None,955209,001,2025-09-06_12h37.51.506,Signal Detection,,2025.1.1,59.70309651995305,2025-09-06 12h37.52.853344 +0530,
57,0,57,-5,down,1,0.5200343000469729,None,57,0,57,0,97.52572460006922,,97.51131139998324,97.52572460006922,98.52537000004668,98.52537000004668,99.05986969999503,-5,down,1,0.5200343000469729,None,955209,001,2025-09-06_12h37.51.506,Signal Detection,,2025.1.1,59.70309651995305,2025-09-06 12h37.52.853344 +0530,
58,0,58,1,down,1,1.1687923000426963,None,58,0,58,0,99.07761829998344,,99.06045550003182,99.07761829998344,100.05895630002487,100.09227120003197,101.24474490003195,1,down,1,1.1687923000426963,None,955209,001,2025-09-06_12h37.51.506,Signal Detection,,2025.1.1,59.70309651995305,2025-09-06 12h37.52.853344 +0530,
59,0,59,0,up,1,0.7793018999509513,None,59,0,59,0,101.25965060002636,,101.24510719999671,101.25965060002636,102.2591094999807,102.2591094999807,103.04603139997926,0,up,1,0.7793018999509513,None,955209,001,2025-09-06_12h37.51.506,Signal Detection,,2025.1.1,59.70309651995305,2025-09-06 12h37.52.853344 +0530,
60,0,60,-4,down,1,0.5477981000440195,None,60,0,60,0,103.05967580003198,,103.04657870007213,103.05967580003198,104.05865190003533,104.05865190003533,104.6105856000213,-4,down,1,0.5477981000440195,None,955209,001,2025-09-06_12h37.51.506,Signal Detection,,2025.1.1,59.70309651995305,2025-09-06 12h37.52.853344 +0530,
61,0,61,0,up,1,0.7179243999999017,None,61,0,61,0,104.62400630000047,,104.61089110001922,104.62400630000047,105.62537790008355,105.62537790008355,106.34422010008711,0,up,1,0.7179243999999017,None,955209,001,2025-09-06_12h37.51.506,Signal Detection,,2025.1.1,59.70309651995305,2025-09-06 12h37.52.853344 +0530,
62,0,62,0,up,1,0.6717817999888211,None,62,0,62,0,106.35881740006153,,106.34454170009121,106.35881740006153,107.35810160008259,107.35810160008259,108.04282900004182,0,up,1,0.6717817999888211,None,955209,001,2025-09-06_12h37.51.506,Signal Detection,,2025.1.1,59.70309651995305,2025-09-06 12h37.52.853344 +0530,
63,0,63,-2,down,1,0.5930085000582039,None,63,0,63,0,108.05809659999795,,108.04308119998313,108.05809659999795,109.04258790006861,109.05889230000321,109.6442736000754,-2,down,1,0.5930085000582039,None,955209,001,2025-09-06_12h37.51.506,Signal Detection,,2025.1.1,59.70309651995305,2025-09-06 12h37.52.853344 +0530,
64,0,64,0,up,1,0.9854242999572307,None,64,0,64,0,109.65917640004773,,109.64462969999295,109.65917640004773,110.65876979997847,110.65876979997847,111.64477650006302,0,up,1,0.9854242999572307,None,955209,001,2025-09-06_12h37.51.506,Signal Detection,,2025.1.1,59.70309651995305,2025-09-06 12h37.52.853344 +0530,
65,0,65,0,down,0,0.6596191000426188,None,65,0,65,0,111.65872980002314,,111.64517490006983,111.65872980002314,112.65870450006332,112.65870450006332,113.32624850003049,0,down,0,0.6596191000426188,None,955209,001,2025-09-06_12h37.51.506,Signal Detection,,2025.1.1,59.70309651995305,2025-09-06 12h37.52.853344 +0530,
66,0,66,-4,down,1,0.5887201000005007,None,66,0,66,0,113.34306169999763,,113.32678160001524,113.34306169999763,114.32582889997866,114.34304100007284,114.92608940007631,-4,down,1,0.5887201000005007,None,955209,001,2025-09-06_12h37.51.506,Signal Detection,,2025.1.1,59.70309651995305,2025-09-06 12h37.52.853344 +0530,
67,0,67,0,up,1,2.8102665999904275,None,67,0,67,0,114.94163510005455,,114.92645710008219,114.94163510005455,115.92516129999422,115.94322660006583,118.74271960009355,0,up,1,2.8102665999904275,None,955209,001,2025-09-06_12h37.51.506,Signal Detection,,2025.1.1,59.70309651995305,2025-09-06 12h37.52.853344 +0530,
68,0,68,0,up,1,0.7897394000319764,None,68,0,68,0,118.758045900031,,118.74301940004807,118.758045900031,119.74326570006087,119.7592826000182,120.54315160005353,0,up,1,0.7897394000319764,None,955209,001,2025-09-06_12h37.51.506,Signal Detection,,2025.1.1,59.70309651995305,2025-09-06 12h37.52.853344 +0530,
69,0,69,0,up,1,0.9796835000161082,None,69,0,69,0,120.55838960001711,,120.54350899998099,120.55838960001711,121.55883610004093,121.55883610004093,122.54181349999271,0,up,1,0.9796835000161082,None,955209,001,2025-09-06_12h37.51.506,Signal Detection,,2025.1.1,59.70309651995305,2025-09-06 12h37.52.853344 +0530,
70,0,70,4,down,1,0.5715300000738353,None,70,0,70,0,122.55786719999742,,122.5420213000616,122.55786719999742,123.54336680006236,123.5587252000114,124.12697370001115,4,down,1,0.5715300000738353,None,955209,001,2025-09-06_12h37.51.506,Signal Detection,,2025.1.1,59.70309651995305,2025-09-06 12h37.52.853344 +0530,
71,0,71,2,down,1,0.7072553000180051,None,71,0,71,0,124.14278550003655,,124.12747020006645,124.14278550003655,125.14364600006957,125.15957290004008,125.85939120000694,2,down,1,0.7072553000180051,None,955209,001,2025-09-06_12h37.51.506,Signal Detection,,2025.1.1,59.70309651995305,2025-09-06 12h37.52.853344 +0530,
72,0,72,2,up,0,0.5423032999970019,None,72,0,72,0,125.87616330001038,,125.86037910007872,125.87616330001038,126.85838560003322,126.89158569998108,127.40925360005349,2,up,0,0.5423032999970019,None,955209,001,2025-09-06_12h37.51.506,Signal Detection,,2025.1.1,59.70309651995305,2025-09-06 12h37.52.853344 +0530,
73,0,73,-4,down,1,0.556209999951534,None,73,0,73,0,127.42636130005121,,127.40956649999134,127.42636130005121,128.4236750000855,128.44111480005085,128.99270509998314,-4,down,1,0.556209999951534,None,955209,001,2025-09-06_12h37.51.506,Signal Detection,,2025.1.1,59.70309651995305,2025-09-06 12h37.52.853344 +0530,
74,0,74,0,up,1,0.5783166999462992,None,74,0,74,0,129.0088640000904,,128.99308929999825,129.0088640000904,129.99233789998107,130.00951550004538,130.574895100086,0,up,1,0.5783166999462992,None,955209,001,2025-09-06_12h37.51.506,Signal Detection,,2025.1.1,59.70309651995305,2025-09-06 12h37.52.853344 +0530,
75,0,75,-3,down,1,0.8601735000265762,None,75,0,75,0,130.59078080009203,,130.57519290002529,130.59078080009203,131.57766609999817,131.59273460006807,132.4443495000014,-3,down,1,0.8601735000265762,None,955209,001,2025-09-06_12h37.51.506,Signal Detection,,2025.1.1,59.70309651995305,2025-09-06 12h37.52.853344 +0530,
76,0,76,0,up,1,0.6636798999970779,None,76,0,76,0,132.45868290006183,,132.4447592999786,132.45868290006183,133.45935970009305,133.45935970009305,134.12682240002323,0,up,1,0.6636798999970779,None,955209,001,2025-09-06_12h37.51.506,Signal Detection,,2025.1.1,59.70309651995305,2025-09-06 12h37.52.853344 +0530,
77,0,77,0,down,0,0.4728604999836534,None,77,0,77,0,134.14344960008748,,134.12720560003072,134.14344960008748,135.12525610008743,135.1581566000823,135.60824910004158,0,down,0,0.4728604999836534,None,955209,001,2025-09-06_12h37.51.506,Signal Detection,,2025.1.1,59.70309651995305,2025-09-06 12h37.52.853344 +0530,
78,0,78,-2,up,0,0.6954186999937519,None,78,0,78,0,135.62378590006847,,135.60848980001174,135.62378590006847,136.60957700002473,136.62437330000103,137.3113492000848,-2,up,0,0.6954186999937519,None,955209,001,2025-09-06_12h37.51.506,Signal Detection,,2025.1.1,59.70309651995305,2025-09-06 12h37.52.853344 +0530,
79,0,79,0,up,1,0.9240706999553367,None,79,0,79,0,137.3256392000476,,137.31201200000942,137.3256392000476,138.32542300003115,138.32542300003115,139.25895829999354,0,up,1,0.9240706999553367,None,955209,001,2025-09-06_12h37.51.506,Signal Detection,,2025.1.1,59.70309651995305,2025-09-06 12h37.52.853344 +0530,
80,0,80,0,up,1,0.7007525999797508,None,80,0,80,0,139.27809610008262,,139.2593072000891,139.27809610008262,140.25500000000466,140.2883865000913,140.95764190005139,0,up,1,0.7007525999797508,None,955209,001,2025-09-06_12h37.51.506,Signal Detection,,2025.1.1,59.70309651995305,2025-09-06 12h37.52.853344 +0530,
81,0,81,-5,down,1,0.5865662000142038,None,81,0,81,0,140.9747142000124,,140.95791470003314,140.9747142000124,141.95666340005118,141.98993370006792,142.5570189000573,-5,down,1,0.5865662000142038,None,955209,001,2025-09-06_12h37.51.506,Signal Detection,,2025.1.1,59.70309651995305,2025-09-06 12h37.52.853344 +0530,
82,0,82,-2,down,1,0.6297672999789938,None,82,0,82,0,142.57408080005553,,142.55725319997873,142.57408080005553,143.55702850001398,143.5749810000416,144.19276360003278,-2,down,1,0.6297672999789938,None,955209,001,2025-09-06_12h37.51.506,Signal Detection,,2025.1.1,59.70309651995305,2025-09-06 12h37.52.853344 +0530,
83,0,83,0,up,1,0.7544149999739602,None,83,0,83,0,144.208984100027,,144.19309670000803,144.208984100027,145.20801100006793,145.22379339998588,145.97491580003407,0,up,1,0.7544149999739602,None,955209,001,2025-09-06_12h37.51.506,Signal Detection,,2025.1.1,59.70309651995305,2025-09-06 12h37.52.853344 +0530,
84,0,84,4,down,1,0.6289376999484375,None,84,0,84,0,145.99084690003656,,145.97520380001515,145.99084690003656,146.97575159999542,146.99128810002003,147.61045050004032,4,down,1,0.6289376999484375,None,955209,001,2025-09-06_12h37.51.506,Signal Detection,,2025.1.1,59.70309651995305,2025-09-06 12h37.52.853344 +0530,
85,0,85,0,down,0,0.6774129000259563,None,85,0,85,0,147.6247713000048,,147.61079519998748,147.6247713000048,148.6261573000811,148.6261573000811,149.30840690003242,0,down,0,0.6774129000259563,None,955209,001,2025-09-06_12h37.51.506,Signal Detection,,2025.1.1,59.70309651995305,2025-09-06 12h37.52.853344 +0530,
86,0,86,2,down,1,0.621582500054501,None,86,0,86,0,149.32342510006856,,149.30857390002348,149.32342510006856,150.31058560009114,150.32637250004336,150.94307819998357,2,down,1,0.621582500054501,None,955209,001,2025-09-06_12h37.51.506,Signal Detection,,2025.1.1,59.70309651995305,2025-09-06 12h37.52.853344 +0530,
87,0,87,0,up,1,0.7928941999562085,None,87,0,87,0,150.95827559998725,,150.94370559998788,150.95827559998725,151.95863780006766,151.95863780006766,152.7591297000181,0,up,1,0.7928941999562085,None,955209,001,2025-09-06_12h37.51.506,Signal Detection,,2025.1.1,59.70309651995305,2025-09-06 12h37.52.853344 +0530,
88,0,88,2,down,1,0.6021125999977812,None,88,0,88,0,152.77551549999043,,152.75955230009276,152.77551549999043,153.75826200004667,153.7762187999906,154.3769709999906,2,down,1,0.6021125999977812,None,955209,001,2025-09-06_12h37.51.506,Signal Detection,,2025.1.1,59.70309651995305,2025-09-06 12h37.52.853344 +0530,
89,0,89,0,up,1,0.6739205999765545,None,89,0,89,0,154.39124420005828,,154.3773267000215,154.39124420005828,155.39200410002377,155.39200410002377,156.07649110001512,0,up,1,0.6739205999765545,None,955209,001,2025-09-06_12h37.51.506,Signal Detection,,2025.1.1,59.70309651995305,2025-09-06 12h37.52.853344 +0530,
90,0,90,-3,down,1,0.6326535999542102,None,90,0,90,0,156.0918052000925,,156.07692750007845,156.0918052000925,157.07594910007901,157.09169770008884,157.70915890007745,-3,down,1,0.6326535999542102,None,955209,001,2025-09-06_12h37.51.506,Signal Detection,,2025.1.1,59.70309651995305,2025-09-06 12h37.52.853344 +0530,
91,0,91,-5,down,1,0.6095271999947727,None,91,0,91,0,157.72376860002987,,157.70963030005805,157.72376860002987,158.72466439998243,158.72466439998243,159.34278920001816,-5,down,1,0.6095271999947727,None,955209,001,2025-09-06_12h37.51.506,Signal Detection,,2025.1.1,59.70309651995305,2025-09-06 12h37.52.853344 +0530,
92,0,92,0,up,1,0.843094400013797,None,92,0,92,0,159.35725570004433,,159.3430424000835,159.35725570004433,160.35332220001146,160.35332220001146,161.2118723000167,0,up,1,0.843094400013797,None,955209,001,2025-09-06_12h37.51.506,Signal Detection,,2025.1.1,59.70309651995305,2025-09-06 12h37.52.853344 +0530,
93,0,93,0,up,1,0.8490828999783844,None,93,0,93,0,161.22612090001348,,161.21235769998748,161.22612090001348,162.22395310003776,162.22395310003776,163.07598730002064,0,up,1,0.8490828999783844,None,955209,001,2025-09-06_12h37.51.506,Signal Detection,,2025.1.1,59.70309651995305,2025-09-06 12h37.52.853344 +0530,
94,0,94,2,down,1,0.6400541999610141,None,94,0,94,0,163.09072590002324,,163.07630010007415,163.09072590002324,164.09126510005444,164.09126510005444,164.74432579998393,2,down,1,0.6400541999610141,None,955209,001,2025-09-06_12h37.51.506,Signal Detection,,2025.1.1,59.70309651995305,2025-09-06 12h37.52.853344 +0530,
95,0,95,-3,down,1,0.5410348000004888,None,95,0,95,0,164.7586888000369,,164.74483880004846,164.7586888000369,165.7584693999961,165.7584693999961,166.30994710000232,-3,down,1,0.5410348000004888,None,955209,001,2025-09-06_12h37.51.506,Signal Detection,,2025.1.1,59.70309651995305,2025-09-06 12h37.52.853344 +0530,
96,0,96,-2,down,1,0.6490693000378087,None,96,0,96,0,166.3243145000888,,166.31040570000187,166.3243145000888,167.32375620002858,167.32375620002858,167.97426960000303,-2,down,1,0.6490693000378087,None,955209,001,2025-09-06_12h37.51.506,Signal Detection,,2025.1.1,59.70309651995305,2025-09-06 12h37.52.853344 +0530,
97,0,97,0,up,1,0.7821018999675289,None,97,0,97,0,167.98995269997977,,167.97444520005956,167.98995269997977,168.9758202000521,168.99166990001686,169.75847500003874,0,up,1,0.7821018999675289,None,955209,001,2025-09-06_12h37.51.506,Signal Detection,,2025.1.1,59.70309651995305,2025-09-06 12h37.52.853344 +0530,
98,0,98,0,down,0,0.5443652999820188,None,98,0,98,0,169.77478169999085,,169.75879250001162,169.77478169999085,170.75860280008055,170.77625980006997,171.30957110004965,0,down,0,0.5443652999820188,None,955209,001,2025-09-06_12h37.51.506,Signal Detection,,2025.1.1,59.70309651995305,2025-09-06 12h37.52.853344 +0530,
99,0,99,0,down,0,0.5701688999542966,None,99,0,99,0,171.32435340003576,,171.31006210006308,171.32435340003576,172.32624990004115,172.32624990004115,172.9091656000819,0,down,0,0.5701688999542966,None,955209,001,2025-09-06_12h37.51.506,Signal Detection,,2025.1.1,59.70309651995305,2025-09-06 12h37.52.853344 +0530,
